Date,Time,Speed,Direction,Width,Source_Region,Impact_Level,Infrastructure
2023-08-30,03:58,1279,SW,230,Quiet Sun,Medium,CME
2023-07-09,19:06,1295,S,257,Quiet Sun,Medium,CME
2016-10-12,14:32,2964,SE,57,Active Region,High,CME
2021-02-25,05:22,990,N,40,Active Region,Medium,CME
2016-12-24,17:02,2186,SE,267,Active Region,High,CME
2019-06-16,20:25,2997,W,204,Active Region,High,CME
2015-06-26,22:34,942,NW,209,Quiet Sun,Medium,CME
2015-03-30,02:28,702,S,113,Active Region,Low,CME
2020-07-22,20:51,1768,SW,359,Active Region,Medium,CME
2019-08-15,03:46,794,E,300,Quiet Sun,Low,CME
2022-09-04,09:06,2107,E,251,Filament,High,CME
2023-11-28,21:54,2736,NE,86,Quiet Sun,High,CME
2024-06-11,21:27,1695,SE,318,Quiet Sun,Medium,CME
2018-09-09,10:14,626,E,57,Quiet Sun,Low,CME
2023-01-28,06:29,1479,NW,20,Filament,Medium,CME
2022-12-09,09:50,448,E,219,Active Region,Low,CME
2022-10-21,22:20,447,N,357,Active Region,Low,CME
2017-05-19,09:43,1529,SE,308,Filament,Medium,CME
2018-07-12,03:14,828,N,257,Filament,Medium,CME
2019-05-01,02:54,2600,NE,54,Filament,High,CME
2022-06-23,03:34,1868,S,201,Filament,Medium,CME
2024-05-03,14:54,688,NW,257,Filament,Low,CME
2023-03-02,03:01,1813,SW,344,Quiet Sun,Medium,CME
2017-11-17,08:44,2424,NW,120,Quiet Sun,High,CME
2018-11-28,15:51,600,SE,101,Filament,Low,CME
2019-08-09,04:20,1543,W,185,Filament,Medium,CME
2016-10-14,21:45,2341,W,156,Active Region,High,CME
2019-10-10,21:14,1450,SE,194,Active Region,Medium,CME
2019-03-30,01:10,784,W,345,Quiet Sun,Low,CME
2023-11-04,11:07,686,N,132,Filament,Low,CME
2018-03-23,17:08,2121,N,199,Filament,High,CME
2021-04-23,03:49,1154,SE,173,Filament,Medium,CME
2018-11-09,10:40,2004,S,127,Filament,High,CME
2021-05-29,02:33,2594,N,200,Filament,High,CME
2021-06-20,02:42,964,W,147,Filament,Medium,CME
2021-03-11,16:57,2828,NW,104,Active Region,High,CME
2021-04-01,14:28,2453,S,357,Quiet Sun,High,CME
2018-03-05,18:05,1340,SW,62,Filament,Medium,CME
2024-08-18,15:41,837,W,156,Active Region,Medium,CME
2016-01-04,16:55,325,SW,218,Active Region,Low,CME
2024-10-24,03:21,1696,NE,59,Active Region,Medium,CME
2020-03-22,04:39,2893,S,105,Filament,High,CME
2022-11-10,15:29,2116,S,141,Quiet Sun,High,CME
2016-02-26,01:19,2298,N,185,Filament,High,CME
2024-04-16,20:40,524,SE,17,Active Region,Low,CME
2021-03-09,04:36,1161,NW,178,Filament,Medium,CME
2022-08-25,05:20,651,W,322,Quiet Sun,Low,CME
2018-09-16,16:46,1663,S,103,Active Region,Medium,CME
2018-05-15,11:04,2433,SE,234,Quiet Sun,High,CME
2024-04-03,10:16,905,SW,255,Filament,Medium,CME
2022-07-05,07:42,568,SE,103,Filament,Low,CME
2016-06-10,19:36,1551,S,229,Filament,Medium,CME
2015-05-09,20:43,1792,W,237,Filament,Medium,CME
2021-09-19,19:38,2700,W,249,Active Region,High,CME
2017-08-08,09:03,1769,NE,186,Quiet Sun,Medium,CME
2017-04-17,20:36,2303,NW,78,Filament,High,CME
2020-10-26,00:42,1715,E,239,Quiet Sun,Medium,CME
2024-11-28,00:42,1720,NW,311,Active Region,Medium,CME
2016-01-14,04:07,2342,SE,166,Quiet Sun,High,CME
2016-05-28,10:59,846,S,57,Filament,Medium,CME
2019-02-09,18:12,630,NW,150,Active Region,Low,CME
2022-12-25,09:08,573,NW,135,Filament,Low,CME
2017-12-19,00:44,2550,SE,272,Filament,High,CME
2021-12-10,09:20,657,S,232,Quiet Sun,Low,CME
2016-11-13,13:49,1210,S,215,Filament,Medium,CME
2018-07-21,16:15,1644,N,122,Filament,Medium,CME
2021-12-24,01:48,762,E,255,Active Region,Low,CME
2023-03-09,11:30,1772,W,201,Filament,Medium,CME
2022-12-18,05:18,2645,W,307,Quiet Sun,High,CME
2022-07-04,11:00,530,E,125,Active Region,Low,CME
2021-08-05,23:49,2378,W,48,Filament,High,CME
2019-04-04,10:43,1080,NE,274,Quiet Sun,Medium,CME
2022-11-29,15:43,1067,E,344,Active Region,Medium,CME
2021-01-02,14:00,2468,E,63,Quiet Sun,High,CME
2015-03-24,01:21,376,SW,120,Active Region,Low,CME
2023-05-07,18:23,474,E,54,Quiet Sun,Low,CME
2023-07-13,12:53,1089,SE,68,Active Region,Medium,CME
2018-08-13,16:31,2214,N,296,Active Region,High,CME
2019-03-30,10:07,2867,W,144,Active Region,High,CME
2015-03-16,20:13,2321,NW,72,Quiet Sun,High,CME
2016-02-08,15:47,1553,S,270,Quiet Sun,Medium,CME
2024-03-14,19:46,814,E,36,Active Region,Medium,CME
2018-07-05,13:05,1343,NE,186,Quiet Sun,Medium,CME
2018-10-08,17:50,821,W,43,Quiet Sun,Medium,CME
2020-11-17,06:50,401,W,290,Active Region,Low,CME
2015-01-02,07:40,2446,SW,23,Active Region,High,CME
2023-07-28,21:16,1594,W,299,Filament,Medium,CME
2021-08-14,20:37,1713,N,166,Filament,Medium,CME
2019-10-15,17:05,2355,NW,89,Active Region,High,CME
2020-02-27,18:12,2391,E,80,Filament,High,CME
2020-06-30,03:46,1543,NW,79,Quiet Sun,Medium,CME
2021-10-25,17:47,1842,E,332,Active Region,Medium,CME
2016-09-16,17:53,1646,E,279,Quiet Sun,Medium,CME
2018-11-12,15:12,565,SW,221,Active Region,Low,CME
2017-08-20,23:50,1273,SE,172,Active Region,Medium,CME
2018-11-01,19:22,810,N,58,Quiet Sun,Medium,CME
2021-10-09,14:49,1139,W,140,Filament,Medium,CME
2015-12-25,02:41,948,NW,84,Quiet Sun,Medium,CME
2021-01-01,18:04,2972,W,122,Filament,High,CME
2018-04-14,14:44,2992,NW,109,Filament,High,CME
2020-02-05,12:58,1441,E,341,Quiet Sun,Medium,CME
2023-10-04,10:16,2147,W,87,Quiet Sun,High,CME
2022-12-13,14:19,398,NW,160,Active Region,Low,CME
2019-08-14,18:29,1499,E,46,Filament,Medium,CME
2018-01-11,06:57,2512,E,14,Filament,High,CME
2020-04-25,14:55,956,N,97,Quiet Sun,Medium,CME
2016-11-06,23:44,1935,NW,337,Filament,Medium,CME
2023-10-11,14:19,2788,SW,205,Active Region,High,CME
2020-06-28,13:35,341,W,225,Filament,Low,CME
2016-06-03,20:37,1369,N,16,Active Region,Medium,CME
2015-05-14,12:48,2714,W,26,Active Region,High,CME
2019-09-19,17:41,1950,W,34,Filament,Medium,CME
2023-11-18,03:06,2279,NW,45,Filament,High,CME
2020-03-21,23:06,2829,SE,341,Filament,High,CME
2017-12-02,22:21,387,W,346,Active Region,Low,CME
2020-11-17,05:38,603,E,79,Active Region,Low,CME
2015-10-16,07:59,722,W,217,Quiet Sun,Low,CME
2016-04-20,20:22,416,N,347,Filament,Low,CME
2018-08-11,08:42,1848,SE,227,Quiet Sun,Medium,CME
2020-06-07,13:23,1091,S,306,Active Region,Medium,CME
2021-08-02,16:59,1144,E,319,Quiet Sun,Medium,CME
2015-07-14,09:11,2744,W,23,Quiet Sun,High,CME
2023-06-01,06:01,2664,SW,53,Quiet Sun,High,CME
2023-07-25,14:24,2407,SW,51,Active Region,High,CME
2024-05-08,00:24,2222,SW,211,Quiet Sun,High,CME
2024-08-13,18:21,2537,N,37,Quiet Sun,High,CME
2017-09-12,20:39,2266,SE,51,Active Region,High,CME
2020-11-23,08:33,2044,SW,46,Filament,High,CME
2017-07-12,02:02,446,W,253,Active Region,Low,CME
2015-01-01,06:18,611,W,70,Active Region,Low,CME
2018-05-02,13:46,2338,E,212,Filament,High,CME
2019-03-22,06:14,2102,E,205,Quiet Sun,High,CME
2021-10-17,22:19,1012,NE,308,Filament,Medium,CME
2023-12-24,12:37,331,NW,256,Filament,Low,CME
2019-05-24,04:47,458,SW,239,Filament,Low,CME
2018-03-26,21:15,1442,E,164,Quiet Sun,Medium,CME
2015-01-14,23:36,1647,NW,39,Filament,Medium,CME
2024-01-24,01:05,326,S,78,Filament,Low,CME
2019-05-03,12:10,2364,NE,63,Filament,High,CME
2018-02-06,18:57,2527,NW,120,Quiet Sun,High,CME
2022-09-02,09:21,1349,SE,140,Filament,Medium,CME
2020-09-29,06:39,1637,NW,285,Filament,Medium,CME
2020-08-15,06:11,2408,S,86,Filament,High,CME
2022-07-10,08:06,1291,NE,230,Active Region,Medium,CME
2022-07-28,23:44,1850,NW,222,Active Region,Medium,CME
2021-08-25,15:55,1155,N,106,Quiet Sun,Medium,CME
2015-09-23,19:29,375,N,137,Active Region,Low,CME
2016-09-08,16:07,1684,W,244,Active Region,Medium,CME
2022-02-12,17:04,1518,W,199,Filament,Medium,CME
2015-04-01,20:54,2134,SW,105,Active Region,High,CME
2024-04-25,12:45,717,SW,263,Active Region,Low,CME
2017-04-17,00:40,2344,S,262,Filament,High,CME
2017-12-16,18:39,1780,N,123,Active Region,Medium,CME
2022-02-28,14:25,1537,N,98,Filament,Medium,CME
2019-09-02,06:35,1118,NE,322,Quiet Sun,Medium,CME
2023-11-21,07:10,2168,NE,214,Active Region,High,CME
2022-07-20,09:30,2582,NW,165,Quiet Sun,High,CME
2018-04-25,03:04,1729,S,245,Quiet Sun,Medium,CME
2020-12-27,13:44,2010,N,180,Active Region,High,CME
2017-04-29,11:55,1647,SE,20,Quiet Sun,Medium,CME
2015-03-16,00:50,2661,E,127,Active Region,High,CME
2017-06-27,06:33,2748,S,95,Quiet Sun,High,CME
2019-06-13,07:48,2257,NW,198,Active Region,High,CME
2015-09-16,09:48,701,SW,126,Active Region,Low,CME
2024-09-11,19:21,580,W,151,Quiet Sun,Low,CME
2023-12-21,13:50,737,SW,207,Quiet Sun,Low,CME
2020-09-14,05:04,2310,W,68,Active Region,High,CME
2024-04-29,01:34,2868,E,270,Active Region,High,CME
2017-10-08,15:36,2276,E,250,Quiet Sun,High,CME
2024-03-22,03:09,434,W,267,Quiet Sun,Low,CME
2022-10-16,03:42,2335,NW,346,Active Region,High,CME
2020-08-22,10:34,1533,SW,115,Quiet Sun,Medium,CME
2020-08-10,00:48,1580,N,261,Filament,Medium,CME
2017-10-04,23:26,2436,NE,106,Active Region,High,CME
2020-03-04,19:01,1973,S,249,Quiet Sun,Medium,CME
2015-08-30,10:49,2511,E,32,Filament,High,CME
2020-01-05,08:40,341,SE,233,Active Region,Low,CME
2016-05-22,09:19,2285,S,176,Quiet Sun,High,CME
2022-11-08,03:40,2051,NE,24,Active Region,High,CME
2024-11-03,13:13,1109,N,292,Quiet Sun,Medium,CME
2016-04-23,05:34,348,N,110,Quiet Sun,Low,CME
2020-11-01,13:45,599,N,236,Filament,Low,CME
2021-04-10,15:47,2837,W,228,Filament,High,CME
2017-06-09,07:18,2878,SW,307,Filament,High,CME
2023-08-01,09:11,1043,NE,210,Quiet Sun,Medium,CME
2022-11-04,04:37,2051,W,112,Active Region,High,CME
2018-03-10,10:29,768,SW,37,Filament,Low,CME
2023-09-06,17:48,1309,NW,63,Filament,Medium,CME
2016-03-02,09:31,1341,NW,102,Active Region,Medium,CME
2024-03-06,06:48,1153,W,314,Quiet Sun,Medium,CME
2017-04-13,13:31,1240,N,234,Active Region,Medium,CME
2020-08-16,10:57,357,NE,120,Filament,Low,CME
2022-04-07,12:48,1730,SE,217,Active Region,Medium,CME
2020-12-10,07:46,2258,SE,54,Quiet Sun,High,CME
2019-05-25,06:49,849,NE,199,Active Region,Medium,CME
2021-08-21,00:45,515,E,91,Active Region,Low,CME
2021-12-15,17:40,1476,NW,299,Filament,Medium,CME
2016-01-01,12:24,1641,NW,198,Filament,Medium,CME
2017-07-19,17:17,2156,SE,190,Active Region,High,CME
2018-08-29,23:02,844,SW,340,Active Region,Medium,CME
2023-10-29,22:28,2721,N,346,Active Region,High,CME
2019-08-23,20:52,1518,N,89,Quiet Sun,Medium,CME
2019-05-22,17:43,1373,NE,56,Filament,Medium,CME
2019-09-28,02:56,1712,SW,200,Quiet Sun,Medium,CME
2017-09-12,14:46,791,NE,159,Active Region,Low,CME
2019-12-16,12:49,585,SW,196,Filament,Low,CME
2017-08-03,18:24,636,SW,313,Quiet Sun,Low,CME
2024-08-13,13:06,1808,NE,302,Active Region,Medium,CME
2021-11-28,03:22,736,W,63,Active Region,Low,CME
2015-05-12,03:12,2135,N,130,Quiet Sun,High,CME
2020-03-12,18:08,1371,SE,234,Active Region,Medium,CME
2020-12-16,21:31,1193,NW,346,Active Region,Medium,CME
2017-01-09,09:23,1157,E,166,Filament,Medium,CME
2017-03-05,16:37,1553,W,359,Filament,Medium,CME
2024-02-03,10:55,2867,N,348,Filament,High,CME
2022-08-10,12:39,2905,W,345,Quiet Sun,High,CME
2022-04-10,09:00,2525,N,338,Active Region,High,CME
2016-05-27,15:01,2704,W,306,Active Region,High,CME
2015-05-27,22:58,719,NE,34,Active Region,Low,CME
2016-07-30,11:48,1654,SW,269,Quiet Sun,Medium,CME
2021-03-28,10:22,2094,W,29,Quiet Sun,High,CME
2018-03-04,05:04,1678,W,111,Filament,Medium,CME
2021-02-06,12:23,2145,W,358,Filament,High,CME
2017-10-01,21:23,1280,N,162,Filament,Medium,CME
2018-10-14,23:16,609,E,314,Filament,Low,CME
2023-02-11,15:16,867,SW,309,Filament,Medium,CME
2020-10-02,05:42,358,E,204,Quiet Sun,Low,CME
2024-08-11,04:39,330,SE,134,Quiet Sun,Low,CME
2019-07-02,23:00,1137,S,129,Filament,Medium,CME
2018-08-11,16:56,1639,N,349,Filament,Medium,CME
2016-06-19,03:11,2168,E,351,Quiet Sun,High,CME
2023-02-02,14:55,1286,S,136,Quiet Sun,Medium,CME
2023-08-27,09:18,1330,S,275,Filament,Medium,CME
2017-01-03,04:31,2625,SE,64,Active Region,High,CME
2018-02-27,04:20,1796,SE,212,Active Region,Medium,CME
2022-07-22,14:49,515,NE,290,Filament,Low,CME
2016-08-28,15:42,1163,N,74,Quiet Sun,Medium,CME
2015-12-29,22:36,535,SW,262,Filament,Low,CME
2020-09-18,03:39,2306,SW,294,Filament,High,CME
2019-12-05,19:09,1772,NW,355,Active Region,Medium,CME
2017-03-30,23:04,2248,NE,218,Filament,High,CME
2019-06-18,22:26,1654,E,191,Quiet Sun,Medium,CME
2016-08-11,20:45,1872,N,267,Active Region,Medium,CME
2022-07-05,00:53,2437,SE,255,Active Region,High,CME
2018-03-29,09:55,2811,N,222,Active Region,High,CME
2024-02-23,12:01,2888,NE,148,Filament,High,CME
2015-04-02,11:16,833,SW,15,Filament,Medium,CME
2017-04-01,03:39,864,E,307,Quiet Sun,Medium,CME
2017-02-18,21:20,2965,NW,255,Active Region,High,CME
2020-12-03,02:31,781,E,109,Filament,Low,CME
2015-10-02,12:03,1061,N,287,Quiet Sun,Medium,CME
2017-09-01,11:14,2693,W,215,Active Region,High,CME
2023-04-16,18:43,2400,N,267,Filament,High,CME
2023-12-04,00:40,530,W,182,Filament,Low,CME
2015-11-25,01:25,2092,SW,200,Active Region,High,CME
2018-12-03,18:53,1792,SE,191,Filament,Medium,CME
2021-12-10,22:00,650,E,51,Filament,Low,CME
2020-08-07,15:01,1134,N,150,Filament,Medium,CME
2020-06-04,15:26,1597,S,245,Quiet Sun,Medium,CME
2018-05-31,18:33,1398,SE,54,Active Region,Medium,CME
2024-01-31,19:02,1245,SE,100,Quiet Sun,Medium,CME
2022-12-07,02:00,772,W,78,Active Region,Low,CME
2021-07-04,16:57,1952,SE,214,Quiet Sun,Medium,CME
2015-03-20,21:44,2988,S,106,Filament,High,CME
2016-04-01,14:04,2459,S,193,Filament,High,CME
2019-12-30,11:47,2079,NE,118,Quiet Sun,High,CME
2019-08-04,22:23,1210,N,222,Filament,Medium,CME
2019-11-08,13:19,1359,W,282,Active Region,Medium,CME
2015-12-06,05:51,1469,E,113,Quiet Sun,Medium,CME
2018-05-04,08:59,400,SE,186,Filament,Low,CME
2015-01-29,09:32,1914,W,98,Active Region,Medium,CME
2024-05-24,18:36,1114,SE,142,Quiet Sun,Medium,CME
2020-06-22,01:11,463,NW,359,Quiet Sun,Low,CME
2019-11-15,06:37,523,SE,349,Active Region,Low,CME
2023-03-14,16:16,758,NE,342,Active Region,Low,CME
2021-07-02,21:01,2350,SW,244,Quiet Sun,High,CME
2020-06-18,02:27,891,S,327,Active Region,Medium,CME
2024-10-23,15:39,873,NE,260,Filament,Medium,CME
2024-01-05,17:27,840,W,153,Quiet Sun,Medium,CME
2020-08-26,23:05,1702,N,194,Quiet Sun,Medium,CME
2021-03-11,19:37,2142,NW,321,Active Region,High,CME
2022-05-12,16:08,818,SE,222,Filament,Medium,CME
2015-03-01,10:12,2610,SW,41,Active Region,High,CME
2022-02-20,12:30,840,S,30,Active Region,Medium,CME
2019-02-25,17:32,994,N,260,Quiet Sun,Medium,CME
2019-11-17,16:31,1554,E,189,Filament,Medium,CME
2015-07-25,15:01,2173,SW,35,Quiet Sun,High,CME
2017-09-22,03:43,2651,W,181,Filament,High,CME
2024-09-07,10:58,1794,W,79,Filament,Medium,CME
2021-10-09,03:08,746,NE,70,Quiet Sun,Low,CME
2016-02-16,18:05,2942,E,354,Filament,High,CME
2017-05-17,20:31,1115,SE,213,Filament,Medium,CME
2019-10-03,08:59,980,W,57,Quiet Sun,Medium,CME
2016-01-24,06:21,872,W,107,Active Region,Medium,CME
2016-10-10,18:32,1831,N,342,Active Region,Medium,CME
2016-09-29,10:01,757,NE,107,Active Region,Low,CME
2020-10-13,04:20,2982,SE,225,Active Region,High,CME
2022-03-12,15:19,2013,NW,160,Filament,High,CME
2019-04-01,09:01,2778,E,256,Filament,High,CME
2015-08-24,18:30,950,SW,303,Quiet Sun,Medium,CME
2022-10-12,14:43,729,SE,235,Filament,Low,CME
2019-09-20,02:19,2039,NW,99,Filament,High,CME
2017-08-25,03:37,2825,SW,112,Filament,High,CME
2020-03-26,06:01,1385,NE,217,Active Region,Medium,CME
2016-05-19,17:21,2216,NE,23,Filament,High,CME
2019-09-20,13:23,1162,S,112,Quiet Sun,Medium,CME
2024-10-18,02:46,685,S,218,Quiet Sun,Low,CME
2022-11-15,10:20,596,NE,86,Quiet Sun,Low,CME
2024-11-24,11:38,2880,SE,198,Quiet Sun,High,CME
2024-01-21,11:48,1658,N,97,Filament,Medium,CME
2022-04-03,10:44,441,E,321,Active Region,Low,CME
2020-04-18,22:58,2109,N,270,Active Region,High,CME
2015-09-03,14:58,2677,SW,67,Filament,High,CME
2020-10-18,08:35,2713,NW,137,Filament,High,CME
2020-01-24,20:47,2756,SW,305,Active Region,High,CME
2017-07-13,21:44,2426,N,303,Quiet Sun,High,CME
2023-11-29,06:03,608,S,179,Quiet Sun,Low,CME
2022-05-05,05:44,2309,NW,357,Quiet Sun,High,CME
2024-03-04,10:05,2462,N,181,Filament,High,CME
2015-08-30,17:40,2981,S,39,Active Region,High,CME
2021-10-03,06:46,2194,SW,331,Filament,High,CME
2024-09-14,20:18,2721,S,162,Filament,High,CME
2023-06-06,13:52,1827,S,144,Filament,Medium,CME
2020-11-10,07:03,1982,SW,64,Quiet Sun,Medium,CME
2024-05-21,03:43,2390,W,165,Quiet Sun,High,CME
2017-06-23,17:44,1656,S,343,Quiet Sun,Medium,CME
2020-08-30,05:57,1548,SW,203,Active Region,Medium,CME
2023-02-27,18:19,1482,E,114,Filament,Medium,CME
2023-10-21,04:47,1982,NE,104,Active Region,Medium,CME
2022-09-17,18:31,1325,S,221,Filament,Medium,CME
2024-12-19,20:08,1713,S,226,Active Region,Medium,CME
2018-08-27,06:46,1135,NW,176,Quiet Sun,Medium,CME
2023-07-11,16:55,619,S,333,Quiet Sun,Low,CME
2016-02-23,01:02,2306,S,253,Active Region,High,CME
2019-05-21,19:03,671,NW,260,Active Region,Low,CME
2020-05-18,02:39,2558,NE,100,Filament,High,CME
2019-10-07,11:36,2217,E,350,Active Region,High,CME
2016-03-04,05:20,1516,NW,268,Quiet Sun,Medium,CME
2018-01-22,14:37,824,NW,248,Quiet Sun,Medium,CME
2022-05-01,02:46,2850,S,187,Quiet Sun,High,CME
2023-05-08,22:36,2078,SE,341,Filament,High,CME
2023-08-10,14:02,2715,S,90,Filament,High,CME
2015-10-29,20:51,535,NE,255,Active Region,Low,CME
2018-07-02,08:04,2997,NW,219,Quiet Sun,High,CME
2018-08-19,14:08,713,NE,211,Filament,Low,CME
2024-05-07,05:48,2596,NE,37,Filament,High,CME
2018-07-17,04:58,2136,NE,358,Filament,High,CME
2016-01-08,07:51,399,W,137,Filament,Low,CME
2019-01-25,23:55,1936,N,83,Quiet Sun,Medium,CME
2021-10-02,11:18,1278,NE,128,Active Region,Medium,CME
2021-05-30,17:16,2789,NW,325,Filament,High,CME
2022-04-02,05:56,323,W,47,Active Region,Low,CME
2017-01-08,15:06,2901,NW,241,Filament,High,CME
2020-01-20,03:55,2489,N,171,Quiet Sun,High,CME
2022-02-12,15:04,752,SE,331,Active Region,Low,CME
2022-07-23,21:58,2236,S,263,Filament,High,CME
2021-02-27,01:24,800,W,336,Active Region,Low,CME
2019-10-23,11:30,576,N,309,Quiet Sun,Low,CME
2021-01-23,12:16,1210,SW,22,Filament,Medium,CME
2023-01-06,03:56,1362,W,115,Filament,Medium,CME
2015-12-31,11:48,2581,SW,337,Filament,High,CME
2021-11-16,18:00,2783,SW,220,Quiet Sun,High,CME
2020-01-20,03:39,980,S,343,Quiet Sun,Medium,CME
2019-10-06,20:34,1711,NW,312,Active Region,Medium,CME
2020-08-17,23:07,1145,N,286,Filament,Medium,CME
2015-11-22,17:44,2195,N,38,Active Region,High,CME
2018-05-08,19:36,2682,SE,57,Quiet Sun,High,CME
2016-09-18,17:42,2974,NE,120,Quiet Sun,High,CME
2021-09-03,18:53,1888,NW,280,Quiet Sun,Medium,CME
2024-09-04,08:40,1481,NE,259,Quiet Sun,Medium,CME
2019-05-30,07:35,389,SE,350,Filament,Low,CME
2019-08-31,05:17,1728,SW,83,Quiet Sun,Medium,CME
2019-04-02,21:48,2418,SE,56,Active Region,High,CME
2022-07-04,12:42,2385,E,336,Active Region,High,CME
2024-09-09,19:42,596,NW,231,Filament,Low,CME
2017-08-29,08:53,1969,N,114,Quiet Sun,Medium,CME
2015-06-22,08:49,2085,W,165,Quiet Sun,High,CME
2024-03-09,05:27,2281,N,108,Active Region,High,CME
2023-09-10,06:12,1898,E,217,Quiet Sun,Medium,CME
2020-07-28,19:37,2715,NW,99,Active Region,High,CME
2020-12-31,05:56,369,E,118,Active Region,Low,CME
2024-01-12,16:07,2504,W,299,Filament,High,CME
2021-11-12,22:59,1980,NE,24,Filament,Medium,CME
2019-02-14,21:07,707,N,137,Active Region,Low,CME
2022-11-13,09:15,2616,SW,306,Quiet Sun,High,CME
2018-09-27,02:04,382,S,48,Quiet Sun,Low,CME
2021-02-07,15:40,1522,W,22,Active Region,Medium,CME
2021-04-08,13:15,2907,SW,254,Filament,High,CME
2022-10-19,11:48,757,S,250,Quiet Sun,Low,CME
2021-11-26,14:03,2674,NW,196,Active Region,High,CME
2016-02-05,00:50,2571,NE,304,Quiet Sun,High,CME
2017-04-28,21:09,1296,W,137,Active Region,Medium,CME
2020-09-10,01:24,2130,W,65,Active Region,High,CME
2022-04-24,12:42,768,W,204,Active Region,Low,CME
2024-10-20,15:57,2602,W,234,Active Region,High,CME
2017-08-24,03:44,2797,NE,321,Quiet Sun,High,CME
2022-05-21,04:46,512,SW,288,Quiet Sun,Low,CME
2017-07-17,19:43,2650,SE,179,Filament,High,CME
2019-08-30,07:17,418,NW,233,Active Region,Low,CME
2021-08-02,23:16,1913,NE,94,Active Region,Medium,CME
2023-11-09,12:15,2689,SW,101,Filament,High,CME
2023-10-19,17:28,1434,W,56,Filament,Medium,CME
2019-11-23,07:24,2755,N,164,Active Region,High,CME
2017-04-07,14:43,1054,W,303,Active Region,Medium,CME
2016-09-02,13:47,2603,NW,234,Active Region,High,CME
2016-07-28,21:21,2579,E,242,Quiet Sun,High,CME
2021-04-10,14:24,1020,S,348,Filament,Medium,CME
2020-01-07,16:53,1483,N,19,Quiet Sun,Medium,CME
2021-11-21,13:09,1908,S,198,Quiet Sun,Medium,CME
2024-07-14,17:09,1156,W,146,Quiet Sun,Medium,CME
2019-09-17,19:23,533,S,137,Filament,Low,CME
2021-05-14,03:37,578,NW,232,Filament,Low,CME
2016-04-05,22:45,1598,S,174,Quiet Sun,Medium,CME
2024-12-24,00:57,504,S,301,Quiet Sun,Low,CME
2024-03-16,09:56,1253,E,355,Filament,Medium,CME
2020-05-24,16:51,1857,E,350,Filament,Medium,CME
2021-06-08,10:16,1737,NW,306,Quiet Sun,Medium,CME
2020-06-14,05:24,1969,W,10,Filament,Medium,CME
2024-01-28,14:19,2104,NE,160,Quiet Sun,High,CME
2023-10-17,21:51,1769,NE,301,Quiet Sun,Medium,CME
2022-10-22,11:00,2459,S,287,Active Region,High,CME
2016-09-14,07:09,2353,W,194,Filament,High,CME
2020-12-08,08:01,1680,N,213,Quiet Sun,Medium,CME
2017-04-12,08:42,688,E,256,Filament,Low,CME
2017-10-02,15:18,2855,E,156,Filament,High,CME
2022-04-17,01:03,2929,NW,165,Active Region,High,CME
2020-09-08,21:44,2695,NE,308,Quiet Sun,High,CME
2015-02-17,01:20,834,NE,89,Quiet Sun,Medium,CME
2015-10-12,02:46,951,SE,289,Active Region,Medium,CME
2022-09-12,00:42,1558,NE,16,Quiet Sun,Medium,CME
2015-01-18,03:24,546,E,85,Filament,Low,CME
2017-06-23,17:40,671,N,17,Filament,Low,CME
2020-05-06,23:10,2396,S,294,Filament,High,CME
2021-10-26,21:10,2416,W,178,Active Region,High,CME
2024-10-19,03:22,1574,S,87,Quiet Sun,Medium,CME
2017-04-04,17:59,1786,E,326,Filament,Medium,CME
2015-12-07,11:18,501,NW,232,Quiet Sun,Low,CME
2022-03-21,07:09,791,W,179,Filament,Low,CME
2019-11-30,08:44,2156,NE,348,Active Region,High,CME
2016-10-02,18:38,2574,NW,194,Quiet Sun,High,CME
2024-02-22,17:16,1876,SW,121,Filament,Medium,CME
2022-10-01,17:20,1758,NE,282,Quiet Sun,Medium,CME
2020-07-12,00:43,1879,SW,250,Quiet Sun,Medium,CME
2024-04-15,15:36,2225,NW,63,Filament,High,CME
2020-08-11,16:03,1253,SW,256,Filament,Medium,CME
2022-02-23,07:08,1258,E,293,Quiet Sun,Medium,CME
2016-06-07,23:16,2409,NE,210,Quiet Sun,High,CME
2021-03-03,16:48,943,NE,276,Quiet Sun,Medium,CME
2023-12-14,00:02,879,W,183,Quiet Sun,Medium,CME
2015-11-18,06:14,342,S,254,Quiet Sun,Low,CME
2019-04-06,17:24,1572,SE,43,Filament,Medium,CME
2023-01-03,07:27,2742,NE,34,Quiet Sun,High,CME
2017-09-18,22:27,1482,N,195,Filament,Medium,CME
2020-06-23,11:00,2507,SW,306,Active Region,High,CME
2015-01-09,01:14,1104,E,335,Quiet Sun,Medium,CME
2019-02-06,21:18,706,SW,51,Filament,Low,CME
2019-09-30,19:51,1762,E,121,Active Region,Medium,CME
2020-12-06,14:05,2420,SW,355,Filament,High,CME
2017-05-28,04:43,1547,NE,12,Quiet Sun,Medium,CME
2020-05-02,09:07,1363,E,21,Quiet Sun,Medium,CME
2015-10-26,08:32,492,N,203,Quiet Sun,Low,CME
2022-11-14,10:44,2232,W,288,Active Region,High,CME
2016-11-05,03:47,2543,SE,235,Filament,High,CME
2021-06-19,12:57,1902,N,309,Filament,Medium,CME
2015-04-28,11:56,1008,S,292,Quiet Sun,Medium,CME
2022-08-21,05:36,432,SW,105,Active Region,Low,CME
2016-12-23,02:53,871,N,262,Active Region,Medium,CME
2017-08-21,04:33,325,SW,269,Active Region,Low,CME
2015-12-15,02:46,2406,SW,253,Quiet Sun,High,CME
2016-06-12,17:45,1442,N,76,Quiet Sun,Medium,CME
2018-07-03,12:28,1615,SW,246,Quiet Sun,Medium,CME
2019-03-14,17:05,2843,SE,229,Quiet Sun,High,CME
2020-06-04,22:44,2341,NW,94,Filament,High,CME
2016-09-02,07:50,2027,E,67,Quiet Sun,High,CME
2021-04-15,07:31,2241,NW,175,Quiet Sun,High,CME
2024-01-14,01:37,1123,NW,221,Active Region,Medium,CME
2015-06-20,09:50,1957,S,237,Filament,Medium,CME
2020-08-24,07:46,1371,S,300,Filament,Medium,CME
2017-07-11,01:31,1215,N,291,Active Region,Medium,CME
2018-07-02,06:15,1266,NW,47,Active Region,Medium,CME
2024-06-19,02:19,2659,S,96,Quiet Sun,High,CME
2024-09-13,06:37,641,SW,90,Filament,Low,CME
2024-12-17,08:44,313,N,114,Active Region,Low,CME
2018-11-21,15:29,2601,N,327,Filament,High,CME
2021-03-31,17:13,535,W,24,Quiet Sun,Low,CME
2017-11-04,18:13,1086,SE,46,Active Region,Medium,CME
2019-07-24,16:02,2442,N,167,Quiet Sun,High,CME
2015-09-17,22:28,1052,E,76,Active Region,Medium,CME
2024-02-18,17:20,1411,NE,226,Filament,Medium,CME
2016-07-01,11:33,850,SW,189,Filament,Medium,CME
2023-06-24,20:42,1632,E,41,Filament,Medium,CME
2018-05-01,12:01,2716,N,355,Active Region,High,CME
2016-12-28,18:47,1684,W,225,Quiet Sun,Medium,CME
2020-05-14,06:34,2784,N,95,Active Region,High,CME
2019-07-11,19:20,2041,NE,239,Quiet Sun,High,CME
2017-11-21,12:58,1532,E,168,Quiet Sun,Medium,CME
2024-12-25,11:33,1172,SW,199,Quiet Sun,Medium,CME
2022-06-05,03:01,2769,S,256,Quiet Sun,High,CME
2019-09-07,09:05,1836,SE,137,Active Region,Medium,CME
2015-02-26,19:19,1310,E,61,Quiet Sun,Medium,CME
2022-08-27,07:52,2522,NW,116,Active Region,High,CME
2018-02-05,14:16,2608,W,266,Quiet Sun,High,CME
2022-01-02,07:26,1855,S,186,Quiet Sun,Medium,CME
2024-12-12,04:40,989,SW,323,Quiet Sun,Medium,CME
2020-03-27,09:00,1831,S,73,Active Region,Medium,CME
2020-05-18,10:45,2746,S,22,Filament,High,CME
2020-09-20,15:11,1439,NE,146,Quiet Sun,Medium,CME
2016-09-14,23:57,1524,NW,299,Quiet Sun,Medium,CME
2015-07-09,23:36,1524,SW,343,Active Region,Medium,CME
2020-01-23,14:58,648,NE,39,Active Region,Low,CME
2024-05-08,11:44,1006,NW,78,Quiet Sun,Medium,CME
2015-08-28,19:45,2883,E,271,Quiet Sun,High,CME
2022-01-18,13:05,1882,S,353,Quiet Sun,Medium,CME
2022-10-18,19:37,546,NE,137,Quiet Sun,Low,CME
2015-04-28,21:49,413,SW,119,Filament,Low,CME
2020-04-13,09:02,975,NW,184,Active Region,Medium,CME
2017-02-09,11:19,2648,NW,202,Filament,High,CME
2015-11-19,18:55,1139,S,22,Filament,Medium,CME
2021-04-12,00:28,1908,N,15,Filament,Medium,CME
2021-08-06,16:30,602,SW,96,Filament,Low,CME
2023-10-18,12:24,325,W,323,Filament,Low,CME
2015-09-13,03:01,1129,W,115,Active Region,Medium,CME
2020-12-03,06:50,2473,E,229,Active Region,High,CME
2016-08-25,12:08,1771,SW,262,Active Region,Medium,CME
2024-03-26,04:20,1683,E,159,Quiet Sun,Medium,CME
2017-05-02,12:21,999,W,68,Filament,Medium,CME
2016-11-04,02:22,831,NW,194,Active Region,Medium,CME
2015-08-06,13:27,2675,NE,51,Active Region,High,CME
2018-04-18,06:23,1129,W,10,Filament,Medium,CME
2015-08-10,14:18,899,SW,85,Filament,Medium,CME
2021-09-26,16:25,1379,NE,282,Filament,Medium,CME
2018-03-30,04:18,388,NE,95,Active Region,Low,CME
2017-11-19,04:01,1784,NW,145,Quiet Sun,Medium,CME
2017-12-26,13:05,2644,S,249,Filament,High,CME
2018-08-19,00:08,2337,N,115,Active Region,High,CME
2019-08-22,13:34,2698,W,45,Filament,High,CME
2023-03-05,01:22,2352,S,219,Quiet Sun,High,CME
2021-01-12,06:02,2921,SE,125,Filament,High,CME
2023-02-24,08:07,1596,NE,91,Active Region,Medium,CME
2022-12-18,14:28,2606,S,189,Active Region,High,CME
2024-02-03,15:44,1348,NE,271,Quiet Sun,Medium,CME
2015-06-18,15:55,705,W,356,Active Region,Low,CME
2018-01-02,20:07,1220,NE,98,Filament,Medium,CME
2017-03-29,18:23,1612,NW,49,Quiet Sun,Medium,CME
2023-10-05,22:18,2226,SE,61,Filament,High,CME
2019-06-09,18:37,1859,E,204,Active Region,Medium,CME
2017-05-11,09:32,2508,SW,263,Active Region,High,CME
2017-02-09,09:38,1555,SE,112,Filament,Medium,CME
2024-07-28,10:36,1812,SE,53,Filament,Medium,CME
2015-06-22,08:24,1766,W,220,Filament,Medium,CME
2016-07-15,17:07,499,NW,148,Filament,Low,CME
2019-10-20,06:32,1524,NE,211,Quiet Sun,Medium,CME
2017-11-20,07:21,2758,E,71,Quiet Sun,High,CME
2023-06-08,06:47,1849,W,12,Active Region,Medium,CME
2020-06-22,09:53,2289,SE,32,Filament,High,CME
2017-01-04,15:45,730,NW,241,Active Region,Low,CME
2019-01-18,03:07,687,N,125,Quiet Sun,Low,CME
2024-01-26,12:32,1609,N,142,Filament,Medium,CME
2017-04-26,01:25,2728,W,309,Active Region,High,CME
2015-01-31,08:41,2709,S,259,Active Region,High,CME
2021-11-08,15:54,2165,SE,242,Quiet Sun,High,CME
2017-06-27,12:09,2164,E,20,Filament,High,CME
2015-03-06,00:43,1017,SE,112,Active Region,Medium,CME
2016-03-15,02:23,435,NE,46,Quiet Sun,Low,CME
2016-02-02,03:14,1141,S,97,Filament,Medium,CME
2021-04-16,00:21,1931,SE,289,Filament,Medium,CME
2018-09-21,15:39,1505,NW,291,Quiet Sun,Medium,CME
2024-01-06,05:27,1012,SW,219,Filament,Medium,CME
2021-02-22,11:22,805,W,152,Filament,Medium,CME
2024-12-26,06:38,1735,N,140,Active Region,Medium,CME
2020-02-14,21:10,2073,E,352,Filament,High,CME
2015-07-18,21:00,970,N,127,Filament,Medium,CME
2018-06-10,20:48,720,SE,322,Filament,Low,CME
2015-05-15,20:56,611,E,210,Quiet Sun,Low,CME
2015-08-08,13:47,1476,SE,312,Filament,Medium,CME
2019-04-04,21:27,2688,NE,272,Quiet Sun,High,CME
2016-05-02,01:16,2695,SE,102,Quiet Sun,High,CME
2024-10-01,01:16,2676,SW,102,Filament,High,CME
2017-07-10,08:59,2672,S,290,Active Region,High,CME
2021-06-29,05:50,809,W,162,Quiet Sun,Medium,CME
2024-06-28,05:26,2582,NE,66,Active Region,High,CME
2015-10-17,14:44,1549,NE,119,Quiet Sun,Medium,CME
2019-05-15,12:16,2939,S,342,Filament,High,CME
2018-12-08,19:50,2585,W,147,Filament,High,CME
2016-02-14,00:35,2065,SE,115,Quiet Sun,High,CME
2024-02-18,06:22,1246,NW,293,Quiet Sun,Medium,CME
2023-02-13,22:30,478,N,29,Active Region,Low,CME
2017-02-16,08:33,1816,SE,203,Quiet Sun,Medium,CME
2017-09-13,19:02,1837,E,97,Quiet Sun,Medium,CME
2016-09-28,21:55,1087,W,137,Quiet Sun,Medium,CME
2018-02-05,07:14,352,NW,54,Active Region,Low,CME
2023-08-31,23:18,1712,NE,58,Filament,Medium,CME
2015-01-05,10:20,1356,W,333,Quiet Sun,Medium,CME
2017-05-06,00:18,1396,S,192,Quiet Sun,Medium,CME
2024-04-21,18:27,2634,S,291,Quiet Sun,High,CME
2019-06-01,14:49,2146,NW,180,Quiet Sun,High,CME
2019-09-21,12:50,2666,E,258,Active Region,High,CME
2021-10-24,04:38,2642,N,61,Quiet Sun,High,CME
2016-08-04,04:07,1431,S,71,Quiet Sun,Medium,CME
2017-10-18,05:07,2814,NW,48,Quiet Sun,High,CME
2017-01-03,02:10,2144,W,240,Quiet Sun,High,CME
2022-02-12,04:04,465,E,16,Quiet Sun,Low,CME
2023-08-29,15:31,2245,NW,258,Filament,High,CME
2021-12-23,20:19,2273,W,301,Quiet Sun,High,CME
2018-02-25,13:36,1173,SE,344,Quiet Sun,Medium,CME
2016-02-19,12:39,2241,S,340,Quiet Sun,High,CME
2023-01-07,16:33,325,W,40,Active Region,Low,CME
2016-08-31,21:36,2230,SW,315,Active Region,High,CME
2018-07-29,17:06,2887,W,266,Filament,High,CME
2020-09-08,05:07,769,NW,82,Active Region,Low,CME
2022-02-25,06:05,953,W,225,Active Region,Medium,CME
2019-05-07,14:06,1373,SE,98,Active Region,Medium,CME
2016-06-11,05:29,2420,NE,355,Active Region,High,CME
2016-07-14,07:37,452,W,247,Filament,Low,CME
2018-11-15,23:36,407,NE,297,Active Region,Low,CME
2022-06-11,09:30,470,E,272,Quiet Sun,Low,CME
2020-11-11,15:42,2934,E,239,Active Region,High,CME
2021-12-31,14:47,802,W,94,Quiet Sun,Medium,CME
2017-10-25,20:14,2427,S,350,Filament,High,CME
2018-08-06,05:34,2385,N,298,Quiet Sun,High,CME
2019-04-24,13:44,2927,SE,14,Filament,High,CME
2016-04-06,17:43,689,NW,48,Filament,Low,CME
2023-09-28,06:44,580,S,246,Filament,Low,CME
2021-06-30,06:08,2960,N,64,Filament,High,CME
2016-08-26,06:04,2513,S,187,Filament,High,CME
2017-04-30,17:31,2329,NE,106,Filament,High,CME
2019-02-14,01:04,2523,NW,286,Quiet Sun,High,CME
2018-12-02,00:07,1668,NW,99,Active Region,Medium,CME
2021-12-01,07:06,2497,N,61,Active Region,High,CME
2017-12-08,22:00,812,NW,255,Active Region,Medium,CME
2018-09-13,22:06,2112,E,306,Quiet Sun,High,CME
2018-07-02,04:38,1263,SE,252,Quiet Sun,Medium,CME
2020-09-30,03:30,928,N,60,Filament,Medium,CME
2015-09-20,16:21,2950,SW,215,Filament,High,CME
2017-03-11,07:41,2184,NW,109,Active Region,High,CME
2021-02-04,21:47,2892,W,99,Active Region,High,CME
2017-08-30,23:06,1003,W,300,Active Region,Medium,CME
2018-10-19,19:47,2489,NW,17,Active Region,High,CME
2020-05-24,16:25,1156,NE,76,Active Region,Medium,CME
2015-10-13,12:14,593,SE,184,Filament,Low,CME
2016-01-14,21:55,1820,E,195,Quiet Sun,Medium,CME
2022-12-28,15:41,347,W,104,Quiet Sun,Low,CME
2023-03-03,01:33,1433,W,81,Quiet Sun,Medium,CME
2015-10-06,22:59,2824,S,177,Quiet Sun,High,CME
2018-09-23,13:19,1705,E,316,Filament,Medium,CME
2018-03-13,13:30,2796,NE,255,Quiet Sun,High,CME
2022-01-05,06:30,1750,NW,271,Filament,Medium,CME
2016-10-01,11:58,383,SE,36,Quiet Sun,Low,CME
2018-07-17,15:41,1472,NE,261,Filament,Medium,CME
2023-10-28,05:24,794,NW,118,Active Region,Low,CME
2021-03-25,08:05,2227,E,291,Filament,High,CME
2022-07-01,05:53,1297,E,82,Active Region,Medium,CME
2017-12-02,00:09,1306,S,81,Filament,Medium,CME
2021-05-15,12:52,2390,E,316,Quiet Sun,High,CME
2017-11-28,23:49,1549,SW,266,Quiet Sun,Medium,CME
2022-12-11,19:58,453,E,303,Quiet Sun,Low,CME
2022-10-11,02:23,2068,NE,316,Filament,High,CME
2023-04-27,06:52,2123,NW,243,Quiet Sun,High,CME
2023-02-01,00:05,2781,NE,89,Active Region,High,CME
2015-08-31,04:56,1532,S,61,Filament,Medium,CME
2022-07-31,20:01,2127,SE,101,Active Region,High,CME
2015-11-20,21:01,889,S,101,Quiet Sun,Medium,CME
2021-05-06,16:43,315,E,342,Active Region,Low,CME
2015-11-14,08:31,746,S,235,Filament,Low,CME
2015-02-01,21:43,1914,N,253,Filament,Medium,CME
2023-11-17,02:07,1422,E,250,Filament,Medium,CME
2023-08-14,01:07,1534,NE,202,Filament,Medium,CME
2015-06-21,20:47,2739,SE,73,Active Region,High,CME
2022-06-11,19:34,2401,NW,242,Quiet Sun,High,CME
2015-01-22,09:54,1336,E,81,Filament,Medium,CME
2022-10-15,17:20,980,NW,285,Filament,Medium,CME
2017-07-15,06:18,2072,S,51,Active Region,High,CME
2024-02-04,17:49,1338,S,172,Filament,Medium,CME
2024-02-10,09:50,1499,NE,266,Quiet Sun,Medium,CME
2015-07-11,22:18,1881,N,111,Filament,Medium,CME
2023-04-28,21:30,474,S,164,Active Region,Low,CME
2019-03-13,06:44,2821,SE,53,Filament,High,CME
2022-07-04,19:15,2517,W,92,Quiet Sun,High,CME
2020-04-13,00:44,415,NE,128,Filament,Low,CME
2022-03-19,13:36,2251,N,291,Filament,High,CME
2015-11-20,23:16,1116,N,225,Quiet Sun,Medium,CME
2019-12-23,01:35,2300,E,142,Filament,High,CME
2019-10-18,06:38,2022,SE,139,Quiet Sun,High,CME
2016-08-27,04:56,1461,N,340,Active Region,Medium,CME
2024-01-29,08:59,2329,NE,152,Active Region,High,CME
2017-12-26,20:05,2947,SE,322,Quiet Sun,High,CME
2019-01-17,20:26,808,W,251,Active Region,Medium,CME
2018-09-28,12:16,1948,S,284,Filament,Medium,CME
2022-05-18,10:05,2477,SE,232,Quiet Sun,High,CME
2015-09-09,18:38,1311,NW,289,Quiet Sun,Medium,CME
2021-03-01,05:15,1991,N,350,Active Region,Medium,CME
2015-03-03,20:44,2517,S,209,Filament,High,CME
2021-07-14,22:03,438,NW,359,Quiet Sun,Low,CME
2023-11-17,21:10,1238,W,122,Filament,Medium,CME
2015-11-02,15:29,1613,W,132,Active Region,Medium,CME
2019-07-15,12:50,1453,E,137,Active Region,Medium,CME
2020-06-20,18:43,2198,SW,120,Filament,High,CME
2018-11-01,18:34,2279,NW,37,Filament,High,CME
2023-12-12,13:42,2703,E,238,Filament,High,CME
2015-03-07,06:38,787,SW,278,Active Region,Low,CME
2021-11-11,11:56,1443,W,281,Filament,Medium,CME
2022-02-10,13:08,772,NW,111,Active Region,Low,CME
2015-05-01,10:18,726,N,183,Quiet Sun,Low,CME
2017-10-02,15:55,2138,SE,156,Filament,High,CME
2017-03-17,02:30,2451,S,116,Quiet Sun,High,CME
2016-08-09,00:14,2520,W,218,Filament,High,CME
2016-11-15,17:10,1196,W,315,Filament,Medium,CME
2015-01-08,16:00,569,N,166,Quiet Sun,Low,CME
2021-10-22,22:48,2970,N,257,Filament,High,CME
2022-05-21,13:58,2157,W,315,Quiet Sun,High,CME
2023-09-06,14:59,2157,N,240,Quiet Sun,High,CME
2024-03-13,14:56,2760,NE,103,Quiet Sun,High,CME
2023-09-19,20:15,2309,NE,71,Active Region,High,CME
2022-06-08,19:02,898,NE,159,Filament,Medium,CME
2021-06-25,04:28,1468,S,184,Quiet Sun,Medium,CME
2019-08-06,16:47,2955,SE,84,Active Region,High,CME
2023-01-20,05:14,806,W,207,Filament,Medium,CME
2021-11-14,18:17,320,NE,27,Filament,Low,CME
2015-12-05,21:51,2174,NW,242,Filament,High,CME
2020-04-10,15:37,795,N,28,Active Region,Low,CME
2023-04-22,16:32,572,SW,227,Filament,Low,CME
2021-10-31,19:44,692,NW,179,Filament,Low,CME
2023-03-31,07:09,2954,S,74,Active Region,High,CME
2023-01-06,10:00,1839,E,124,Quiet Sun,Medium,CME
2016-04-24,13:51,388,S,32,Quiet Sun,Low,CME
2016-08-11,02:44,1547,N,67,Filament,Medium,CME
2018-08-05,14:17,1163,SE,78,Active Region,Medium,CME
2015-01-17,16:21,1346,N,42,Active Region,Medium,CME
2024-08-20,19:04,1390,S,42,Active Region,Medium,CME
2021-01-08,09:10,1689,NE,173,Quiet Sun,Medium,CME
2016-03-04,21:45,585,NE,245,Quiet Sun,Low,CME
2020-02-10,00:40,2934,W,347,Active Region,High,CME
2015-04-01,01:44,1560,SW,89,Quiet Sun,Medium,CME
2024-12-10,04:37,874,W,236,Active Region,Medium,CME
2019-05-31,03:12,2593,SE,201,Active Region,High,CME
2021-05-16,05:52,2461,S,353,Quiet Sun,High,CME
2020-10-01,21:21,1456,S,325,Active Region,Medium,CME
2020-10-17,02:38,1189,E,120,Filament,Medium,CME
2018-02-21,16:08,1132,SW,67,Quiet Sun,Medium,CME
2024-05-19,16:13,397,SE,174,Quiet Sun,Low,CME
2021-07-29,06:07,2641,SE,189,Active Region,High,CME
2017-10-15,15:00,2851,N,123,Active Region,High,CME
2015-12-05,18:59,923,SE,266,Quiet Sun,Medium,CME
2023-05-16,07:36,734,NE,20,Active Region,Low,CME
2016-02-15,14:44,865,W,226,Quiet Sun,Medium,CME
2019-09-24,04:14,2477,W,174,Filament,High,CME
2022-05-17,02:43,1214,NE,254,Active Region,Medium,CME
2016-03-30,01:45,2675,N,254,Filament,High,CME
2018-08-21,08:21,2077,SE,170,Filament,High,CME
2015-04-14,20:04,1661,SW,41,Filament,Medium,CME
2023-11-21,19:23,559,NW,114,Active Region,Low,CME
2017-10-19,10:44,2969,SW,279,Quiet Sun,High,CME
2016-08-02,01:27,2799,S,196,Active Region,High,CME
2023-10-07,13:07,737,E,248,Quiet Sun,Low,CME
2016-12-15,03:30,453,S,117,Filament,Low,CME
2019-10-17,21:18,686,NW,56,Quiet Sun,Low,CME
2024-11-22,01:17,2831,NE,242,Quiet Sun,High,CME
2018-12-15,18:06,2266,N,41,Active Region,High,CME
2016-07-16,03:55,2981,N,255,Quiet Sun,High,CME
2015-11-30,18:26,2540,SW,95,Filament,High,CME
2019-09-14,09:02,1380,SW,160,Active Region,Medium,CME
2023-07-24,08:41,2835,NE,83,Active Region,High,CME
2021-05-19,07:26,1327,S,272,Active Region,Medium,CME
2020-12-25,10:23,1916,SE,322,Quiet Sun,Medium,CME
2018-01-09,20:35,1603,NE,202,Filament,Medium,CME
2020-11-08,16:51,912,E,324,Active Region,Medium,CME
2022-07-11,17:19,1144,W,297,Quiet Sun,Medium,CME
2017-09-07,21:53,1091,NW,256,Quiet Sun,Medium,CME
2016-01-05,14:38,1647,SW,64,Quiet Sun,Medium,CME
2021-07-03,09:27,1752,SE,266,Filament,Medium,CME
2024-07-11,23:12,1692,NW,59,Active Region,Medium,CME
2021-09-05,14:03,1434,SW,211,Quiet Sun,Medium,CME
2024-08-31,02:10,1882,N,121,Quiet Sun,Medium,CME
2020-08-12,11:48,1215,SE,262,Active Region,Medium,CME
2018-05-08,07:38,2086,SW,188,Quiet Sun,High,CME
2018-09-30,03:18,1830,E,204,Filament,Medium,CME
2018-12-04,02:05,2841,SE,139,Filament,High,CME
2015-12-04,05:20,704,NE,59,Active Region,Low,CME
2023-05-16,02:01,2850,NW,259,Active Region,High,CME
2018-03-31,00:51,2563,N,358,Filament,High,CME
2020-01-05,14:04,2296,SW,104,Active Region,High,CME
2018-08-29,23:36,315,S,167,Active Region,Low,CME
2015-01-11,18:23,1944,S,262,Quiet Sun,Medium,CME
2023-03-10,01:46,1575,NW,233,Quiet Sun,Medium,CME
2017-01-30,14:33,1611,SW,41,Filament,Medium,CME
2023-03-28,20:17,479,W,290,Quiet Sun,Low,CME
2022-01-14,09:02,1483,N,100,Filament,Medium,CME
2015-04-28,10:34,333,W,312,Quiet Sun,Low,CME
2020-01-01,04:52,545,N,155,Quiet Sun,Low,CME
2019-12-08,12:18,2137,W,243,Active Region,High,CME
2017-02-10,21:26,605,N,176,Quiet Sun,Low,CME
2023-03-03,19:33,1080,NW,31,Active Region,Medium,CME
2022-01-25,19:34,894,NE,14,Quiet Sun,Medium,CME
2023-03-06,18:11,1568,W,256,Active Region,Medium,CME
2017-06-14,16:55,825,SW,80,Quiet Sun,Medium,CME
2020-10-01,01:13,679,S,201,Filament,Low,CME
2018-07-30,01:16,1101,NW,229,Filament,Medium,CME
2015-02-27,09:17,1704,N,288,Filament,Medium,CME
2015-05-22,16:31,1768,W,14,Filament,Medium,CME
2021-11-06,12:13,893,E,113,Filament,Medium,CME
2015-09-11,01:37,1951,N,284,Active Region,Medium,CME
2022-05-16,23:28,2149,N,288,Filament,High,CME
2020-12-02,18:51,2859,N,128,Filament,High,CME
2021-06-29,11:12,1291,SE,334,Active Region,Medium,CME
2020-07-27,20:13,2539,E,108,Filament,High,CME
2024-06-22,06:06,353,SE,234,Active Region,Low,CME
2017-10-21,20:08,1424,W,69,Quiet Sun,Medium,CME
2023-12-21,01:59,1843,NW,69,Quiet Sun,Medium,CME
2015-08-02,15:32,447,E,333,Quiet Sun,Low,CME
2024-07-21,08:08,932,N,120,Active Region,Medium,CME
2021-02-02,22:59,833,S,120,Quiet Sun,Medium,CME
2015-07-23,22:21,600,S,112,Active Region,Low,CME
2021-07-04,18:48,368,NW,273,Filament,Low,CME
2023-11-24,10:00,332,N,318,Active Region,Low,CME
2018-06-01,12:35,448,SW,47,Active Region,Low,CME
2016-07-29,09:19,345,NE,217,Quiet Sun,Low,CME
2021-07-08,11:15,1226,SE,341,Quiet Sun,Medium,CME
2018-04-22,02:08,903,NE,101,Filament,Medium,CME
2017-06-14,13:56,2150,N,52,Filament,High,CME
2015-04-16,08:23,2022,W,217,Filament,High,CME
2023-02-26,11:04,2426,E,229,Filament,High,CME
2021-07-16,14:53,834,W,297,Quiet Sun,Medium,CME
2015-03-07,08:01,570,NE,43,Active Region,Low,CME
2018-05-31,21:21,1651,N,279,Filament,Medium,CME
2023-12-15,17:28,317,S,304,Active Region,Low,CME
2019-01-20,13:02,2646,N,348,Active Region,High,CME
2017-01-08,00:37,1744,E,283,Filament,Medium,CME
2015-11-08,16:58,2857,S,338,Quiet Sun,High,CME
2016-07-14,06:04,1637,SE,144,Active Region,Medium,CME
2018-12-10,02:50,757,SE,249,Filament,Low,CME
2020-11-15,00:48,2431,E,37,Active Region,High,CME
2024-04-12,04:14,995,N,12,Filament,Medium,CME
2017-08-04,14:19,1443,E,101,Quiet Sun,Medium,CME
2022-04-23,02:02,1784,W,119,Quiet Sun,Medium,CME
2022-12-25,09:28,1746,W,54,Quiet Sun,Medium,CME
2020-05-31,18:29,933,W,161,Quiet Sun,Medium,CME
2023-08-22,18:44,1361,S,279,Quiet Sun,Medium,CME
2015-01-04,10:48,2872,E,147,Quiet Sun,High,CME
2017-07-27,23:36,2506,N,119,Quiet Sun,High,CME
2019-11-04,13:34,2592,W,110,Filament,High,CME
2024-06-27,07:02,2654,SW,107,Quiet Sun,High,CME
2024-09-08,08:36,2429,S,88,Quiet Sun,High,CME
2020-12-31,12:29,1867,N,38,Active Region,Medium,CME
2018-06-02,00:37,350,W,308,Filament,Low,CME
2020-11-13,05:41,2108,NW,49,Filament,High,CME
2019-04-28,17:55,2246,E,264,Quiet Sun,High,CME
2022-06-20,21:48,2962,N,139,Active Region,High,CME
2016-07-23,15:18,2178,N,51,Active Region,High,CME
2016-07-04,05:47,1452,SW,142,Filament,Medium,CME
2021-06-05,08:47,2729,S,21,Quiet Sun,High,CME
2017-09-18,22:51,2301,SE,70,Quiet Sun,High,CME
2017-02-10,23:12,2626,S,108,Quiet Sun,High,CME
2017-02-06,16:56,984,E,126,Active Region,Medium,CME
2024-02-21,19:44,2060,NE,86,Filament,High,CME
2017-11-29,14:25,1550,S,207,Quiet Sun,Medium,CME
2017-03-04,23:25,1726,W,311,Active Region,Medium,CME
2016-11-15,12:26,442,E,127,Filament,Low,CME
2018-08-13,11:23,1556,NE,51,Quiet Sun,Medium,CME
2021-06-04,20:14,2181,NE,156,Active Region,High,CME
2016-08-23,00:30,951,W,82,Filament,Medium,CME
2022-01-19,09:13,1593,W,322,Filament,Medium,CME
2020-03-23,21:56,2322,SW,148,Filament,High,CME
2018-07-17,09:51,2787,NE,323,Quiet Sun,High,CME
2017-02-06,16:16,1503,S,61,Quiet Sun,Medium,CME
2019-02-10,11:07,2828,SE,190,Quiet Sun,High,CME
2019-05-08,19:06,2217,E,241,Quiet Sun,High,CME
2020-02-15,06:36,1709,N,250,Filament,Medium,CME
2015-08-29,14:51,632,W,232,Active Region,Low,CME
2015-06-12,17:12,1040,SW,202,Active Region,Medium,CME
2022-12-27,00:37,1268,SE,285,Quiet Sun,Medium,CME
2018-07-05,18:49,2138,SE,12,Filament,High,CME
2015-08-03,04:42,2408,NE,25,Filament,High,CME
2022-03-19,22:41,515,NE,332,Filament,Low,CME
2023-07-17,04:42,333,NW,274,Quiet Sun,Low,CME
2020-05-12,22:24,1303,E,304,Filament,Medium,CME
2023-12-31,16:24,2058,SE,262,Quiet Sun,High,CME
2021-08-02,17:10,1525,N,321,Quiet Sun,Medium,CME
2022-02-11,04:35,2960,SE,166,Filament,High,CME
2019-01-17,01:29,1996,SW,354,Quiet Sun,Medium,CME
2019-02-20,22:42,1781,SE,313,Active Region,Medium,CME
2015-04-30,22:34,1860,SE,259,Active Region,Medium,CME
2019-03-14,13:26,771,NW,65,Filament,Low,CME
2020-04-24,11:04,423,NE,345,Quiet Sun,Low,CME
2018-07-14,01:55,722,S,250,Active Region,Low,CME
2021-07-15,07:40,1817,NE,302,Active Region,Medium,CME
2020-06-17,14:30,907,N,344,Filament,Medium,CME
2022-03-28,18:50,1223,SW,264,Active Region,Medium,CME
2024-04-03,01:32,2755,W,36,Filament,High,CME
2020-09-18,10:13,2547,NW,235,Quiet Sun,High,CME
2016-01-01,07:14,1941,N,79,Quiet Sun,Medium,CME
2023-06-03,11:34,1075,W,263,Active Region,Medium,CME
2019-12-02,05:51,2775,NW,121,Active Region,High,CME
2018-08-23,14:57,2911,SW,139,Active Region,High,CME
2018-08-19,13:27,451,S,23,Quiet Sun,Low,CME
2019-10-06,19:10,1785,SE,158,Quiet Sun,Medium,CME
2021-11-16,19:25,941,W,155,Active Region,Medium,CME
2020-12-04,00:58,686,S,138,Active Region,Low,CME
2024-09-02,17:43,802,SE,256,Filament,Medium,CME
2019-06-17,10:01,1933,SE,151,Active Region,Medium,CME
2017-01-14,21:06,622,SE,146,Quiet Sun,Low,CME
2018-06-04,19:27,810,SE,168,Filament,Medium,CME
2019-02-09,08:25,1903,SE,328,Filament,Medium,CME
2024-04-02,04:11,884,W,301,Active Region,Medium,CME
2021-03-21,00:47,1894,NE,228,Quiet Sun,Medium,CME
2019-08-12,03:28,670,W,77,Active Region,Low,CME
2019-06-19,02:45,2836,W,20,Quiet Sun,High,CME
2020-10-01,23:34,423,S,199,Filament,Low,CME
2017-08-09,12:28,840,W,310,Quiet Sun,Medium,CME
2019-07-13,10:39,1142,NE,91,Quiet Sun,Medium,CME
2015-06-21,06:43,2020,S,101,Filament,High,CME
2021-11-13,06:27,2064,E,257,Quiet Sun,High,CME
2015-11-27,18:02,448,NE,307,Quiet Sun,Low,CME
2022-09-02,14:25,2390,N,287,Quiet Sun,High,CME
2020-12-21,08:17,2016,E,349,Active Region,High,CME
2022-02-20,20:09,1484,S,258,Quiet Sun,Medium,CME
2020-05-23,04:54,2555,NW,335,Quiet Sun,High,CME
2022-05-21,23:28,434,SE,155,Active Region,Low,CME
2015-09-05,00:40,2317,S,76,Quiet Sun,High,CME
2018-11-13,12:14,1303,NW,302,Active Region,Medium,CME
2022-12-21,04:33,956,NW,99,Active Region,Medium,CME
2021-09-12,11:12,411,E,308,Active Region,Low,CME
2024-04-28,23:08,633,N,229,Filament,Low,CME
2022-11-06,17:04,2748,S,264,Quiet Sun,High,CME
2016-09-03,19:15,1571,SW,273,Filament,Medium,CME
2015-09-15,21:12,329,NW,100,Filament,Low,CME
2018-09-04,09:42,2041,SE,240,Quiet Sun,High,CME
2018-12-15,20:36,2992,NW,33,Quiet Sun,High,CME
2018-04-23,10:59,1298,W,188,Active Region,Medium,CME
2016-07-26,04:18,2287,W,102,Active Region,High,CME
2018-03-27,23:08,2031,NW,357,Filament,High,CME
2017-08-15,11:09,1158,SE,314,Quiet Sun,Medium,CME
2020-03-25,13:14,867,E,219,Filament,Medium,CME
2019-11-30,21:33,540,N,95,Active Region,Low,CME
2016-08-25,19:24,2470,NE,279,Active Region,High,CME
2019-06-04,01:42,830,SE,217,Active Region,Medium,CME
2019-10-21,23:43,1402,NW,73,Quiet Sun,Medium,CME
2016-11-08,06:06,778,SE,278,Active Region,Low,CME
2015-05-10,09:04,2701,E,171,Quiet Sun,High,CME
2016-05-18,02:37,1082,NW,152,Filament,Medium,CME
2017-09-02,15:59,653,S,319,Filament,Low,CME
2018-05-04,19:06,1697,S,348,Active Region,Medium,CME
2016-02-06,19:02,2219,NE,149,Active Region,High,CME
2017-06-30,13:29,1892,SE,55,Active Region,Medium,CME
2018-05-16,15:30,735,N,196,Active Region,Low,CME
2024-08-06,16:06,1148,E,13,Filament,Medium,CME
2018-12-29,08:41,2519,E,153,Quiet Sun,High,CME
2016-10-01,02:50,2324,N,212,Active Region,High,CME
2024-10-03,11:55,1847,NE,294,Quiet Sun,Medium,CME
2019-10-26,09:32,967,NW,249,Active Region,Medium,CME
2024-01-21,20:47,2927,N,179,Filament,High,CME
2015-05-08,00:50,1166,NW,199,Quiet Sun,Medium,CME
2021-10-17,15:46,531,SW,338,Quiet Sun,Low,CME
2020-09-16,00:34,1234,N,72,Filament,Medium,CME
2016-08-20,02:14,2096,N,273,Active Region,High,CME
2019-07-19,02:19,1861,SE,161,Active Region,Medium,CME
2021-12-29,05:54,2619,E,274,Quiet Sun,High,CME
2022-08-19,20:58,1594,NE,220,Quiet Sun,Medium,CME
2022-08-04,07:56,1731,SE,221,Active Region,Medium,CME
2017-03-12,10:21,1321,S,248,Filament,Medium,CME
2019-10-13,10:37,2660,S,199,Filament,High,CME
2019-12-07,02:54,2561,W,63,Filament,High,CME
2022-10-12,00:45,394,W,345,Filament,Low,CME
2016-06-05,19:28,1872,NW,90,Active Region,Medium,CME
2024-05-06,12:28,607,NE,265,Filament,Low,CME
2023-10-16,06:20,486,SE,307,Active Region,Low,CME
2024-03-02,23:45,1496,NE,126,Quiet Sun,Medium,CME
2017-04-21,18:44,2837,N,154,Filament,High,CME
2022-11-02,02:38,948,NW,131,Active Region,Medium,CME
2016-05-28,17:40,465,SE,185,Quiet Sun,Low,CME
2020-09-11,14:44,2723,S,279,Filament,High,CME
2019-10-25,20:06,363,S,227,Active Region,Low,CME
2018-02-05,11:44,1577,NE,41,Quiet Sun,Medium,CME
2019-08-11,23:55,2349,N,105,Quiet Sun,High,CME
2022-06-30,21:25,2558,SE,73,Filament,High,CME
2023-09-22,08:20,2396,NW,271,Active Region,High,CME
2022-09-03,15:05,1797,S,295,Filament,Medium,CME
2020-08-15,09:16,384,NE,182,Quiet Sun,Low,CME
2015-04-16,04:37,2018,SW,43,Filament,High,CME
2020-04-14,20:39,2717,W,106,Active Region,High,CME
2020-11-21,22:18,2700,W,126,Active Region,High,CME
2021-04-24,22:34,1055,SW,344,Quiet Sun,Medium,CME
2019-05-31,13:06,681,E,283,Quiet Sun,Low,CME
2015-09-17,02:38,2935,NW,121,Quiet Sun,High,CME
2021-09-16,01:22,1781,NE,21,Filament,Medium,CME
2016-01-16,05:29,1757,SW,205,Filament,Medium,CME
2020-06-08,06:59,2385,N,34,Quiet Sun,High,CME
2022-03-10,23:45,2664,NW,299,Active Region,High,CME
2021-11-21,23:58,2522,E,22,Filament,High,CME
2024-12-25,07:57,2712,NW,257,Filament,High,CME
2021-11-14,01:10,2832,W,34,Filament,High,CME
2016-07-06,00:39,786,E,354,Quiet Sun,Low,CME
2023-11-06,00:28,2388,SE,288,Quiet Sun,High,CME
2022-10-28,00:26,2289,N,62,Active Region,High,CME
2019-07-07,11:24,2313,N,291,Active Region,High,CME
2016-07-15,03:49,395,W,43,Quiet Sun,Low,CME
2023-05-02,14:02,2381,N,350,Filament,High,CME
2024-05-28,10:20,2406,W,300,Active Region,High,CME
2020-10-12,02:44,441,N,137,Quiet Sun,Low,CME
2017-05-22,02:45,1648,E,273,Active Region,Medium,CME
2019-10-03,17:58,1799,W,249,Filament,Medium,CME
2023-03-10,08:35,2102,NW,95,Active Region,High,CME
2017-03-01,18:37,2266,W,187,Filament,High,CME
2021-10-12,06:00,2355,S,212,Active Region,High,CME
2023-06-28,03:55,479,E,308,Filament,Low,CME
2023-05-01,23:21,1729,W,32,Filament,Medium,CME
2016-11-10,06:05,323,E,293,Filament,Low,CME
2019-11-30,18:39,1354,W,252,Quiet Sun,Medium,CME
2021-05-12,15:48,1349,SE,339,Quiet Sun,Medium,CME
2019-11-10,12:19,646,NE,101,Quiet Sun,Low,CME
2016-11-16,13:11,2232,N,209,Filament,High,CME
2018-12-15,10:49,1121,NE,294,Filament,Medium,CME
2024-06-10,18:37,2819,W,19,Filament,High,CME
2018-11-16,15:06,2055,S,162,Filament,High,CME
2022-05-07,05:33,695,E,77,Filament,Low,CME
2022-09-07,05:40,2677,SW,182,Filament,High,CME
2016-05-15,11:30,1687,SW,251,Active Region,Medium,CME
2021-06-03,03:36,2137,S,149,Filament,High,CME
2015-03-15,19:42,1260,S,297,Filament,Medium,CME
2015-04-26,05:59,1195,E,329,Filament,Medium,CME
2022-12-04,17:06,1913,W,198,Quiet Sun,Medium,CME
2022-07-07,20:02,905,NW,133,Active Region,Medium,CME
2022-08-15,00:32,642,NE,277,Quiet Sun,Low,CME
2019-08-27,22:03,1617,NE,283,Quiet Sun,Medium,CME
2018-01-25,13:04,2502,N,304,Quiet Sun,High,CME
2015-01-02,00:48,1292,E,70,Active Region,Medium,CME
2017-04-13,04:24,1500,NW,275,Filament,Medium,CME
2015-03-26,03:21,978,NE,62,Filament,Medium,CME
2015-02-13,17:50,1518,NE,13,Quiet Sun,Medium,CME
2019-10-25,20:40,2175,NW,111,Active Region,High,CME
2018-02-03,06:23,873,NW,177,Filament,Medium,CME
2015-12-26,15:44,915,NW,278,Quiet Sun,Medium,CME
2021-03-10,19:53,2509,W,215,Active Region,High,CME
2021-04-29,04:54,1463,SE,127,Active Region,Medium,CME
2019-03-04,08:44,658,SW,220,Quiet Sun,Low,CME
2021-05-05,03:19,2173,S,278,Active Region,High,CME
2020-11-18,09:22,837,NE,58,Filament,Medium,CME
2018-03-01,00:33,1877,NE,338,Filament,Medium,CME
2022-12-29,01:40,2652,SE,268,Quiet Sun,High,CME
2017-03-01,07:04,1642,E,27,Quiet Sun,Medium,CME
2016-06-22,21:38,1465,NW,41,Active Region,Medium,CME
2019-03-04,03:52,960,E,276,Quiet Sun,Medium,CME
2016-08-16,20:37,1970,W,338,Filament,Medium,CME
2020-05-05,04:57,2420,W,219,Quiet Sun,High,CME
2016-03-31,00:44,433,N,173,Quiet Sun,Low,CME
2017-03-07,15:46,399,SE,124,Filament,Low,CME
2023-09-14,16:06,2748,NW,44,Quiet Sun,High,CME
2020-06-16,02:56,1485,SW,166,Quiet Sun,Medium,CME
2024-12-08,19:11,628,W,242,Active Region,Low,CME
2021-03-20,22:07,542,SW,156,Filament,Low,CME
2018-02-10,04:42,1997,SW,10,Filament,Medium,CME
2018-09-20,23:26,2945,NW,122,Quiet Sun,High,CME
2015-11-28,04:05,1632,W,47,Active Region,Medium,CME
2017-10-27,08:06,1227,E,158,Filament,Medium,CME
2020-02-18,23:03,1195,W,286,Active Region,Medium,CME
2020-09-24,11:05,849,N,324,Active Region,Medium,CME
2016-02-17,05:43,1284,SE,26,Filament,Medium,CME
2016-04-17,20:03,1943,SW,137,Quiet Sun,Medium,CME
2022-03-29,05:13,2983,SW,255,Quiet Sun,High,CME
2017-09-08,13:45,1400,SE,187,Filament,Medium,CME
2023-08-05,01:51,1816,W,215,Active Region,Medium,CME
2018-01-27,22:23,1431,NW,224,Filament,Medium,CME
2019-07-01,07:58,1586,NE,257,Active Region,Medium,CME
2022-03-26,07:24,2422,NW,144,Quiet Sun,High,CME
2019-05-07,11:05,1930,SE,261,Active Region,Medium,CME
2015-12-20,00:07,1679,N,225,Active Region,Medium,CME
2020-10-04,14:05,2034,NW,244,Active Region,High,CME
2024-04-02,19:38,2271,N,297,Quiet Sun,High,CME
2024-02-02,23:27,2056,W,56,Filament,High,CME
2015-12-25,01:12,1011,W,302,Quiet Sun,Medium,CME
2019-04-12,02:51,487,S,236,Filament,Low,CME
2024-10-04,19:41,2066,NE,112,Quiet Sun,High,CME
2023-02-12,10:03,2233,S,249,Active Region,High,CME
2022-11-07,23:18,1921,S,251,Active Region,Medium,CME
2023-09-16,00:48,482,NW,120,Filament,Low,CME
2017-06-11,03:12,951,NE,64,Quiet Sun,Medium,CME
2024-05-12,10:41,429,NW,130,Quiet Sun,Low,CME
2021-06-11,10:13,1858,W,105,Active Region,Medium,CME
2022-02-20,03:22,2462,E,200,Filament,High,CME
2017-07-02,11:28,1105,SE,102,Quiet Sun,Medium,CME
2020-08-27,18:10,2799,E,326,Quiet Sun,High,CME
2017-10-05,00:33,1088,W,301,Active Region,Medium,CME
2016-04-18,17:49,2106,N,307,Filament,High,CME
2023-05-31,00:48,2840,NE,316,Filament,High,CME
2023-06-27,09:23,1724,NE,131,Active Region,Medium,CME
2018-07-20,16:56,1600,N,298,Active Region,Medium,CME
2021-12-19,22:22,1399,SE,99,Filament,Medium,CME
2017-11-15,14:22,2477,SW,255,Filament,High,CME
2022-10-08,03:50,2322,N,350,Active Region,High,CME
2021-02-02,09:13,2940,SE,170,Filament,High,CME
2019-05-03,07:42,2728,N,84,Filament,High,CME
2024-10-05,04:46,1848,SW,272,Quiet Sun,Medium,CME
2022-12-01,13:12,1305,E,267,Active Region,Medium,CME
2016-10-21,12:55,1458,W,280,Active Region,Medium,CME
2017-04-03,06:47,1805,SE,339,Filament,Medium,CME
2021-07-24,18:20,2898,NW,357,Quiet Sun,High,CME
2015-11-25,02:03,2251,W,332,Quiet Sun,High,CME
2019-04-16,21:10,2133,N,298,Filament,High,CME
2020-03-11,11:28,1051,SW,71,Active Region,Medium,CME
2021-01-13,15:17,695,N,69,Active Region,Low,CME
2020-07-23,01:15,470,SW,81,Active Region,Low,CME
2015-05-04,10:10,1085,NE,279,Active Region,Medium,CME
2019-02-19,22:15,1214,NW,222,Active Region,Medium,CME
2019-09-09,19:17,1606,E,251,Active Region,Medium,CME
2020-12-27,12:30,2588,SW,292,Quiet Sun,High,CME
2017-01-11,09:13,2307,E,142,Filament,High,CME
2018-04-26,06:53,1027,NW,358,Quiet Sun,Medium,CME
2020-09-21,07:04,2185,W,342,Quiet Sun,High,CME
2019-07-22,13:09,2019,E,281,Active Region,High,CME
2020-10-28,09:02,1191,S,122,Filament,Medium,CME
2019-04-03,04:36,586,SW,150,Active Region,Low,CME
2015-05-06,23:52,1549,E,242,Active Region,Medium,CME
2021-12-06,11:43,2091,NE,63,Active Region,High,CME
2021-07-19,17:51,2426,NE,66,Active Region,High,CME
2015-05-14,09:08,1905,SW,269,Quiet Sun,Medium,CME
2015-06-12,04:54,2335,NE,305,Filament,High,CME
2015-12-08,22:04,1473,W,146,Active Region,Medium,CME
2021-07-14,10:44,1578,NW,290,Active Region,Medium,CME
2021-07-20,10:02,2889,NW,140,Active Region,High,CME
2021-12-07,07:11,1618,W,201,Active Region,Medium,CME
2020-01-16,11:53,1241,SW,113,Filament,Medium,CME
2016-09-15,09:24,2116,SE,265,Active Region,High,CME
2021-10-24,22:00,1007,N,309,Quiet Sun,Medium,CME
2017-06-14,02:35,1386,N,15,Quiet Sun,Medium,CME
2015-04-27,12:35,1123,E,289,Filament,Medium,CME
2024-06-22,23:40,2864,SW,180,Active Region,High,CME
2019-06-02,04:49,1869,NW,256,Active Region,Medium,CME
2018-06-03,01:18,2192,SW,50,Quiet Sun,High,CME
2018-08-17,18:25,1678,W,55,Quiet Sun,Medium,CME
2015-04-11,17:06,608,SW,160,Quiet Sun,Low,CME
2020-01-11,01:12,2638,N,155,Active Region,High,CME
2017-09-30,19:42,1111,NW,339,Quiet Sun,Medium,CME
2017-12-13,23:38,2395,SW,281,Active Region,High,CME
2021-11-29,20:41,1220,NW,15,Quiet Sun,Medium,CME
2017-08-11,21:41,1013,NW,358,Active Region,Medium,CME
2023-11-02,10:10,869,SE,34,Active Region,Medium,CME
2022-11-26,03:24,774,S,336,Active Region,Low,CME
2021-02-19,19:05,955,SW,149,Active Region,Medium,CME
2015-11-12,23:53,1989,N,112,Quiet Sun,Medium,CME
2015-07-16,15:15,587,N,239,Filament,Low,CME
2022-06-11,06:31,762,E,33,Active Region,Low,CME
2018-04-22,21:44,1878,N,349,Filament,Medium,CME
2018-11-22,16:38,1240,E,32,Active Region,Medium,CME
2015-12-11,17:22,804,SE,337,Filament,Medium,CME
2019-03-29,19:40,1708,SW,232,Active Region,Medium,CME
2020-09-24,18:31,1690,NE,168,Active Region,Medium,CME
2017-11-12,09:20,2765,S,10,Quiet Sun,High,CME
2022-08-27,11:37,1128,NW,244,Active Region,Medium,CME
2016-10-16,18:03,900,N,132,Quiet Sun,Medium,CME
2015-10-08,17:56,2452,S,235,Active Region,High,CME
2021-09-09,01:26,756,SE,251,Active Region,Low,CME
2015-12-16,12:52,2106,N,299,Active Region,High,CME
2022-11-07,12:29,556,S,107,Active Region,Low,CME
2024-08-25,19:33,2224,W,57,Quiet Sun,High,CME
2016-02-04,23:07,321,W,66,Quiet Sun,Low,CME
2019-12-09,12:16,695,SW,114,Active Region,Low,CME
2016-03-16,01:33,509,E,45,Quiet Sun,Low,CME
2020-10-23,05:32,1978,W,26,Filament,Medium,CME
2015-07-16,18:26,2098,S,155,Quiet Sun,High,CME
2024-08-24,21:32,1900,SE,236,Active Region,Medium,CME
2021-08-16,21:27,2431,N,252,Filament,High,CME
2015-03-25,17:14,1000,NW,72,Quiet Sun,Medium,CME
2021-01-25,06:50,2187,SE,137,Active Region,High,CME
2019-06-22,15:56,2231,E,75,Active Region,High,CME
2015-03-22,07:14,390,NE,40,Quiet Sun,Low,CME
2020-05-06,23:56,994,SE,206,Active Region,Medium,CME
2015-02-07,21:35,1056,W,195,Quiet Sun,Medium,CME
2020-02-27,23:08,1515,N,283,Quiet Sun,Medium,CME
2023-01-06,07:37,1438,SE,244,Filament,Medium,CME
2024-09-28,08:38,2031,N,157,Active Region,High,CME
2015-07-25,02:48,1045,NE,78,Active Region,Medium,CME
2016-09-04,14:31,1394,SE,149,Quiet Sun,Medium,CME
2020-03-11,09:01,1609,E,187,Quiet Sun,Medium,CME
2022-01-16,12:20,1248,W,287,Active Region,Medium,CME
2019-09-30,16:32,1434,S,187,Filament,Medium,CME
2016-10-12,16:27,1407,E,318,Filament,Medium,CME
2015-11-03,15:01,2215,N,354,Quiet Sun,High,CME
2015-06-22,01:40,569,SW,266,Active Region,Low,CME
2018-03-24,07:34,2413,SW,322,Quiet Sun,High,CME
2016-12-25,10:03,425,NE,265,Filament,Low,CME
2020-12-29,05:02,1781,E,295,Quiet Sun,Medium,CME
2018-07-12,15:37,2043,E,19,Filament,High,CME
2020-04-04,22:51,1984,NE,104,Filament,Medium,CME
2022-03-04,00:50,728,NE,26,Filament,Low,CME
2023-10-20,17:03,615,W,153,Quiet Sun,Low,CME
2015-06-21,18:32,887,S,355,Quiet Sun,Medium,CME
2016-08-19,03:01,1937,NE,225,Quiet Sun,Medium,CME
2022-07-29,19:31,434,W,326,Filament,Low,CME
2019-12-17,22:34,321,SE,172,Filament,Low,CME
2019-05-04,12:41,1523,NW,270,Active Region,Medium,CME
2015-03-11,12:37,1089,NE,68,Active Region,Medium,CME
2016-10-26,19:24,1105,SW,346,Active Region,Medium,CME
2017-10-27,23:47,1588,N,256,Quiet Sun,Medium,CME
2020-10-12,17:53,1862,NE,111,Filament,Medium,CME
2017-02-26,13:27,1761,NE,241,Quiet Sun,Medium,CME
2016-01-26,06:21,2337,SE,192,Filament,High,CME
2021-09-22,17:04,1029,SE,124,Filament,Medium,CME
2020-12-15,10:28,1049,N,86,Filament,Medium,CME
2015-06-12,00:59,965,SW,316,Quiet Sun,Medium,CME
2016-05-02,00:23,2718,NW,64,Active Region,High,CME
2019-04-30,13:54,2037,SW,280,Filament,High,CME
2021-12-29,10:08,2059,W,241,Filament,High,CME
2021-10-01,13:36,2081,S,293,Filament,High,CME
2016-01-01,14:28,1729,S,148,Filament,Medium,CME
2018-02-16,12:03,1575,E,89,Filament,Medium,CME
2020-06-23,23:04,2227,NW,318,Active Region,High,CME
2017-01-10,19:13,2004,SE,225,Filament,High,CME
2019-04-23,15:31,2889,SE,65,Active Region,High,CME
2022-12-20,17:22,476,NW,18,Filament,Low,CME
2018-08-21,16:12,1074,N,282,Active Region,Medium,CME
2018-05-06,14:21,2418,NE,148,Active Region,High,CME
2022-07-27,07:39,1293,SE,104,Filament,Medium,CME
2017-07-26,01:03,2951,SE,18,Filament,High,CME
2016-03-27,18:24,1801,E,211,Quiet Sun,Medium,CME
2015-09-01,00:25,2542,SE,101,Active Region,High,CME
2019-05-10,08:27,1589,S,287,Active Region,Medium,CME
2020-09-15,19:29,2282,NE,70,Active Region,High,CME
2017-06-06,04:41,2876,W,304,Filament,High,CME
2019-01-09,11:09,2715,S,358,Active Region,High,CME
2016-11-20,08:37,2519,NW,161,Filament,High,CME
2024-07-22,22:01,1224,W,160,Quiet Sun,Medium,CME
2020-12-02,06:20,1745,NW,235,Filament,Medium,CME
2021-09-08,17:39,2814,S,253,Filament,High,CME
2018-10-13,08:42,1933,W,138,Quiet Sun,Medium,CME
2024-05-18,23:25,493,NE,105,Filament,Low,CME
2024-11-08,16:28,1615,N,101,Active Region,Medium,CME
2019-03-25,02:46,2547,NW,300,Active Region,High,CME
2021-11-17,21:44,1045,SE,140,Active Region,Medium,CME
2022-07-31,04:11,2457,NE,117,Quiet Sun,High,CME
2021-02-26,12:23,2402,W,15,Active Region,High,CME
2017-11-28,12:01,2960,S,73,Filament,High,CME
2017-03-26,06:42,411,S,225,Quiet Sun,Low,CME
2020-11-23,02:30,2362,SW,177,Active Region,High,CME
2022-12-24,03:17,423,S,335,Filament,Low,CME
2017-12-08,21:02,2776,N,260,Filament,High,CME
2019-03-28,10:27,1418,W,276,Active Region,Medium,CME
2022-02-16,15:52,617,SE,66,Active Region,Low,CME
2024-10-16,13:13,2151,E,116,Quiet Sun,High,CME
2017-05-12,04:01,2408,W,183,Filament,High,CME
2019-11-17,16:55,578,SE,15,Quiet Sun,Low,CME
2019-01-05,07:08,1742,E,244,Active Region,Medium,CME
2024-08-13,10:34,2742,NW,280,Filament,High,CME
2021-12-05,23:55,2292,E,11,Filament,High,CME
2023-09-18,05:49,663,E,94,Quiet Sun,Low,CME
2022-11-26,10:37,1975,W,11,Filament,Medium,CME
2023-07-22,12:35,2074,S,349,Filament,High,CME
2019-02-07,00:41,1492,E,339,Filament,Medium,CME
2019-10-19,23:28,2387,S,13,Filament,High,CME
2022-12-18,23:20,584,W,36,Filament,Low,CME
2022-02-08,08:20,2913,S,196,Active Region,High,CME
2024-10-19,23:41,2942,NE,357,Filament,High,CME
2017-11-16,23:07,1015,N,169,Quiet Sun,Medium,CME
2021-12-14,10:04,1761,N,120,Active Region,Medium,CME
2016-08-02,15:43,2761,NE,301,Active Region,High,CME
2021-05-14,00:40,2389,W,258,Quiet Sun,High,CME
2018-04-07,02:51,2595,NW,23,Active Region,High,CME
2019-09-05,06:12,1409,SW,83,Quiet Sun,Medium,CME
2021-05-12,04:42,305,SW,305,Active Region,Low,CME
2016-08-18,17:40,2764,N,311,Quiet Sun,High,CME
2021-03-29,07:11,2633,N,327,Quiet Sun,High,CME
2016-07-16,19:08,1304,W,80,Active Region,Medium,CME
2020-04-23,02:27,2622,E,60,Quiet Sun,High,CME
2023-06-23,09:33,1924,S,305,Active Region,Medium,CME
2017-03-07,12:56,2815,NW,87,Quiet Sun,High,CME
2021-08-11,08:05,545,E,219,Active Region,Low,CME
2015-02-04,21:22,726,E,158,Active Region,Low,CME
2016-04-24,11:15,1109,S,88,Filament,Medium,CME
2021-08-20,07:32,914,NE,13,Active Region,Medium,CME
2020-12-03,21:00,2220,S,247,Active Region,High,CME
2023-10-03,00:27,414,NW,270,Quiet Sun,Low,CME
2015-12-06,05:19,2702,NE,130,Filament,High,CME
2015-03-02,11:04,2329,NE,72,Filament,High,CME
2019-07-20,04:01,649,SW,74,Active Region,Low,CME
2020-10-14,22:42,2436,N,232,Active Region,High,CME
2016-06-13,20:22,1436,SW,304,Active Region,Medium,CME
2022-08-25,00:23,374,SW,260,Quiet Sun,Low,CME
2015-04-17,07:14,2686,W,128,Active Region,High,CME
2015-08-06,22:10,653,SE,308,Quiet Sun,Low,CME
2020-07-14,20:13,2792,SE,117,Quiet Sun,High,CME
2021-11-06,10:55,1383,NE,209,Filament,Medium,CME
2017-07-27,11:57,1283,SE,136,Filament,Medium,CME
2022-12-06,08:50,2093,SE,154,Quiet Sun,High,CME
2021-12-23,13:35,1589,E,114,Active Region,Medium,CME
2016-04-07,16:23,2983,S,247,Filament,High,CME
2017-04-16,13:24,2827,W,51,Filament,High,CME
2019-05-21,17:16,1582,W,113,Filament,Medium,CME
2022-11-08,16:14,1872,W,36,Filament,Medium,CME
2018-01-04,17:20,1636,E,349,Quiet Sun,Medium,CME
2019-08-29,14:16,600,W,117,Active Region,Low,CME
2015-02-11,15:28,2216,N,214,Active Region,High,CME
2018-12-03,13:50,1824,N,45,Active Region,Medium,CME
2016-10-18,14:27,1382,N,20,Quiet Sun,Medium,CME
2015-05-31,06:35,2971,W,333,Filament,High,CME
2021-09-01,19:49,1179,NE,105,Filament,Medium,CME
2022-07-11,15:21,1067,N,193,Quiet Sun,Medium,CME
2022-05-01,14:25,486,SE,117,Filament,Low,CME
2020-06-17,20:53,2174,N,185,Active Region,High,CME
2019-11-24,04:33,1427,S,96,Quiet Sun,Medium,CME
2018-03-21,19:51,2773,NE,159,Quiet Sun,High,CME
2024-01-03,02:57,1307,NE,109,Quiet Sun,Medium,CME
2022-08-03,18:58,654,NE,50,Quiet Sun,Low,CME
2015-11-16,15:48,2368,NE,336,Active Region,High,CME
2018-12-07,02:32,802,W,239,Quiet Sun,Medium,CME
2023-11-16,01:58,1904,NW,276,Filament,Medium,CME
2021-12-05,20:51,2633,W,175,Quiet Sun,High,CME
2018-11-12,18:59,1831,S,253,Active Region,Medium,CME
2022-11-11,17:42,1392,SW,76,Quiet Sun,Medium,CME
2023-02-28,00:59,2448,N,204,Active Region,High,CME
2022-03-28,23:06,2016,E,30,Filament,High,CME
2016-02-27,02:21,1153,NW,231,Active Region,Medium,CME
2015-10-09,13:18,505,NW,289,Filament,Low,CME
2021-02-13,01:55,1732,SW,338,Quiet Sun,Medium,CME
2019-05-10,11:30,2533,SE,340,Active Region,High,CME
2018-02-12,17:52,1616,NE,30,Filament,Medium,CME
2019-01-25,01:27,735,E,41,Active Region,Low,CME
2024-02-29,12:19,481,NW,259,Filament,Low,CME
2021-02-17,00:33,1462,NW,127,Filament,Medium,CME
2020-10-25,15:51,2436,SW,288,Quiet Sun,High,CME
2018-04-27,10:00,1726,NE,89,Filament,Medium,CME
2018-10-06,10:48,475,E,129,Quiet Sun,Low,CME
2021-02-18,23:57,1109,SE,230,Active Region,Medium,CME
2015-05-09,14:18,2890,N,282,Active Region,High,CME
2017-03-21,08:54,397,E,274,Quiet Sun,Low,CME
2023-02-21,18:23,2328,SE,355,Active Region,High,CME
2021-01-27,22:01,2061,E,347,Active Region,High,CME
2018-12-02,15:06,745,NE,77,Filament,Low,CME
2015-11-10,19:07,1838,N,142,Quiet Sun,Medium,CME
2017-06-18,01:21,925,E,353,Active Region,Medium,CME
2018-12-03,09:22,2650,N,59,Quiet Sun,High,CME
2024-10-30,02:06,2813,E,294,Filament,High,CME
2019-11-27,03:54,1398,W,346,Active Region,Medium,CME
2024-07-31,07:33,782,SE,105,Filament,Low,CME
2021-04-22,05:47,1071,NW,246,Quiet Sun,Medium,CME
2018-10-12,00:39,516,NW,289,Quiet Sun,Low,CME
2018-03-01,15:10,2896,W,178,Active Region,High,CME
2018-07-24,15:52,2314,E,309,Quiet Sun,High,CME
2020-09-12,04:14,1297,N,353,Quiet Sun,Medium,CME
2024-07-12,01:05,603,SW,174,Active Region,Low,CME
2016-05-04,13:29,1590,SW,348,Active Region,Medium,CME
2016-07-27,16:21,1741,SW,246,Quiet Sun,Medium,CME
2024-12-12,00:07,2513,N,16,Filament,High,CME
2016-09-05,08:34,2262,W,309,Active Region,High,CME
2022-06-08,03:56,2763,SE,243,Active Region,High,CME
2022-09-24,05:05,1097,E,209,Filament,Medium,CME
2019-05-07,20:59,2181,E,167,Quiet Sun,High,CME
2024-02-10,03:48,2793,NE,253,Filament,High,CME
2016-11-17,04:39,2525,E,55,Active Region,High,CME
2015-08-19,05:44,2538,N,105,Filament,High,CME
2018-03-05,14:16,2528,W,79,Active Region,High,CME
2020-09-23,16:34,1562,NW,10,Active Region,Medium,CME
2020-04-25,10:03,466,SE,46,Quiet Sun,Low,CME
2019-12-04,17:14,1073,SW,169,Active Region,Medium,CME
2016-07-16,20:48,744,SE,52,Quiet Sun,Low,CME
2022-12-17,12:09,2962,W,201,Filament,High,CME
2018-10-14,06:47,1831,N,176,Active Region,Medium,CME
2022-06-13,21:43,1277,W,27,Quiet Sun,Medium,CME
2017-12-31,22:02,1623,SW,118,Quiet Sun,Medium,CME
2017-06-23,20:36,2961,SE,39,Active Region,High,CME
2023-09-29,17:07,2476,E,278,Active Region,High,CME
2022-08-03,17:21,1489,NW,174,Quiet Sun,Medium,CME
2022-08-27,03:52,2104,SW,306,Filament,High,CME
2016-09-22,18:31,1798,N,298,Quiet Sun,Medium,CME
2015-06-08,20:58,1967,E,119,Filament,Medium,CME
2017-05-14,12:37,1007,E,341,Active Region,Medium,CME
2016-06-14,02:54,1228,S,120,Quiet Sun,Medium,CME
2018-12-21,02:39,1537,NW,274,Quiet Sun,Medium,CME
2015-09-07,16:37,1009,NE,177,Active Region,Medium,CME
2023-12-13,04:29,2989,W,191,Filament,High,CME
2023-04-12,11:51,316,S,201,Active Region,Low,CME
2016-12-15,00:32,2024,W,28,Active Region,High,CME
2016-01-04,15:20,1933,NW,344,Filament,Medium,CME
2023-08-04,10:06,393,NE,323,Quiet Sun,Low,CME
2024-06-20,21:56,1829,NW,23,Filament,Medium,CME
2020-01-13,04:31,2878,W,306,Quiet Sun,High,CME
2024-08-20,18:09,1758,W,252,Filament,Medium,CME
2022-03-12,13:41,1981,NW,187,Quiet Sun,Medium,CME
2018-09-17,01:54,2124,NW,150,Quiet Sun,High,CME
2020-09-28,09:52,895,W,160,Active Region,Medium,CME
2021-12-25,18:32,1249,SW,123,Active Region,Medium,CME
2018-12-06,12:05,757,NW,13,Filament,Low,CME
2020-09-20,01:08,1060,E,290,Active Region,Medium,CME
2016-10-25,22:40,791,SE,76,Active Region,Low,CME
2023-11-02,22:09,1033,E,209,Filament,Medium,CME
2024-08-26,04:55,855,SW,121,Quiet Sun,Medium,CME
2020-10-23,20:04,2473,N,250,Quiet Sun,High,CME
2018-04-06,23:12,2371,SE,352,Filament,High,CME
2024-01-06,07:37,2947,SW,197,Filament,High,CME
2018-04-19,08:05,2219,SE,208,Quiet Sun,High,CME
2019-09-10,12:05,357,S,279,Filament,Low,CME
2020-06-14,11:30,2557,SW,347,Filament,High,CME
2020-07-30,19:43,626,SE,60,Filament,Low,CME
2023-05-12,12:08,2549,N,126,Filament,High,CME
2023-10-01,12:29,778,W,29,Filament,Low,CME
2021-10-20,20:53,2660,SW,153,Quiet Sun,High,CME
2017-04-12,09:02,2530,NE,214,Active Region,High,CME
2023-04-15,01:56,1415,E,281,Active Region,Medium,CME
2019-08-26,08:28,2921,S,171,Active Region,High,CME
2015-03-22,02:04,1030,NW,256,Quiet Sun,Medium,CME
2023-11-12,15:09,2273,N,81,Active Region,High,CME
2017-02-25,00:41,2772,S,335,Filament,High,CME
2020-11-06,06:24,1608,W,342,Quiet Sun,Medium,CME
2015-01-15,05:28,661,N,284,Active Region,Low,CME
2020-04-08,06:46,333,N,58,Quiet Sun,Low,CME
2020-01-08,06:20,2588,W,295,Filament,High,CME
2020-01-14,06:36,359,SE,126,Filament,Low,CME
2019-08-31,19:04,510,E,324,Quiet Sun,Low,CME
2018-05-06,21:22,2582,E,310,Quiet Sun,High,CME
2015-02-28,00:49,931,SE,248,Active Region,Medium,CME
2019-12-30,09:01,1810,E,176,Quiet Sun,Medium,CME
2018-04-28,07:39,992,S,172,Quiet Sun,Medium,CME
2017-04-28,06:08,2456,S,115,Quiet Sun,High,CME
2021-04-26,17:37,1258,NE,138,Quiet Sun,Medium,CME
2016-12-08,15:48,748,S,274,Filament,Low,CME
2020-03-14,09:22,2171,SE,85,Active Region,High,CME
2019-12-31,12:30,1523,SW,119,Active Region,Medium,CME
2024-11-26,00:49,735,SE,335,Active Region,Low,CME
2018-11-04,14:47,538,N,89,Active Region,Low,CME
2015-02-18,22:47,2765,N,182,Quiet Sun,High,CME
2023-01-29,19:16,2881,NW,351,Filament,High,CME
2022-05-17,12:31,462,SW,164,Filament,Low,CME
2022-12-16,05:01,1740,NE,121,Active Region,Medium,CME
2019-08-25,15:14,2821,SE,314,Active Region,High,CME
2017-09-02,01:33,2252,NW,235,Filament,High,CME
2020-03-18,15:12,1598,SE,317,Filament,Medium,CME
2021-03-08,21:36,2982,S,189,Active Region,High,CME
2016-06-27,14:31,2263,W,170,Active Region,High,CME
2021-09-01,11:09,2572,S,121,Active Region,High,CME
2021-03-16,22:25,1410,NE,230,Quiet Sun,Medium,CME
2015-07-27,06:11,1735,SE,22,Quiet Sun,Medium,CME
2018-07-23,11:49,1534,S,37,Quiet Sun,Medium,CME
2023-10-22,15:31,978,SW,356,Quiet Sun,Medium,CME
2018-03-28,14:49,795,NE,134,Filament,Low,CME
2021-07-13,13:09,2940,E,251,Filament,High,CME
2015-05-16,05:10,1368,E,226,Filament,Medium,CME
2015-02-09,04:06,2557,W,48,Filament,High,CME
2015-01-30,23:23,656,E,149,Filament,Low,CME
2015-06-24,14:22,1130,S,104,Filament,Medium,CME
2021-11-13,19:09,2825,S,90,Quiet Sun,High,CME
2022-01-12,12:12,1204,NE,44,Active Region,Medium,CME
2023-05-31,02:17,2065,NW,318,Quiet Sun,High,CME
2023-03-31,15:37,2985,SE,264,Active Region,High,CME
2020-12-22,06:26,2507,W,225,Quiet Sun,High,CME
2020-03-11,01:23,2432,NE,200,Active Region,High,CME
2022-04-25,00:56,1589,N,221,Filament,Medium,CME
2017-10-30,23:07,999,NE,143,Active Region,Medium,CME
2021-11-13,22:27,1167,N,291,Quiet Sun,Medium,CME
2019-12-31,23:51,785,NW,227,Filament,Low,CME
2019-05-20,01:24,1062,NE,345,Filament,Medium,CME
2021-04-06,07:32,1237,S,142,Active Region,Medium,CME
2020-10-03,22:38,1921,SW,350,Active Region,Medium,CME
2018-06-24,05:23,2042,SE,120,Filament,High,CME
2024-10-04,13:34,1368,N,63,Quiet Sun,Medium,CME
2019-08-31,08:00,392,NE,52,Quiet Sun,Low,CME
2024-05-23,07:18,1706,S,223,Active Region,Medium,CME
2024-05-02,21:47,1671,SE,227,Active Region,Medium,CME
2021-05-31,10:25,2132,SE,115,Active Region,High,CME
2019-10-28,12:39,2120,E,269,Active Region,High,CME
2021-09-18,09:11,1029,W,249,Quiet Sun,Medium,CME
2015-12-01,14:34,2450,SE,19,Quiet Sun,High,CME
2018-01-30,05:40,483,S,291,Filament,Low,CME
2022-02-08,10:00,2122,N,83,Active Region,High,CME
2023-09-19,04:47,2790,E,161,Filament,High,CME
2018-10-02,03:52,2144,S,179,Active Region,High,CME
2022-04-30,16:46,1241,W,350,Active Region,Medium,CME
2015-01-05,23:45,2913,S,358,Filament,High,CME
2017-12-12,23:50,581,SW,299,Quiet Sun,Low,CME
2018-05-06,21:43,690,S,132,Active Region,Low,CME
2016-08-22,10:47,1911,SE,161,Filament,Medium,CME
2020-09-11,13:16,1699,SW,18,Filament,Medium,CME
2016-05-02,08:51,1584,NW,192,Filament,Medium,CME
2017-02-26,13:00,1577,NE,261,Quiet Sun,Medium,CME
2016-04-10,06:55,2847,E,12,Filament,High,CME
2019-12-05,13:24,2096,W,209,Active Region,High,CME
2019-01-29,08:38,392,NE,264,Filament,Low,CME
2018-10-01,09:47,1083,W,111,Quiet Sun,Medium,CME
2024-02-03,03:31,381,SE,144,Active Region,Low,CME
2017-03-10,03:45,1844,SE,192,Active Region,Medium,CME
2020-12-27,20:20,1363,SE,307,Filament,Medium,CME
2023-03-24,03:05,2503,SW,163,Active Region,High,CME
2021-04-21,11:50,1120,SE,73,Active Region,Medium,CME
2017-04-05,03:48,1002,NE,37,Filament,Medium,CME
2021-09-11,02:00,594,E,298,Quiet Sun,Low,CME
2024-08-22,22:37,806,NE,142,Active Region,Medium,CME
2021-06-20,22:14,1527,NE,319,Quiet Sun,Medium,CME
2018-01-31,08:24,2801,S,184,Quiet Sun,High,CME
2021-12-04,08:15,1383,W,307,Active Region,Medium,CME
2020-02-14,20:47,2870,S,249,Filament,High,CME
2015-01-04,15:26,2340,SE,39,Quiet Sun,High,CME
2017-09-26,14:32,1026,SW,80,Filament,Medium,CME
2021-07-29,10:42,1932,W,21,Filament,Medium,CME
2015-08-28,03:22,2031,SE,352,Active Region,High,CME
2024-11-22,22:31,736,S,349,Active Region,Low,CME
2019-09-20,06:55,2626,E,105,Filament,High,CME
2015-03-25,12:03,1354,NW,298,Filament,Medium,CME
2024-03-07,23:25,2084,E,27,Active Region,High,CME
2016-08-03,06:27,700,N,227,Quiet Sun,Low,CME
2024-09-24,02:30,2560,SE,315,Active Region,High,CME
2018-09-20,18:25,2419,NW,238,Filament,High,CME
2023-05-06,07:04,2538,S,226,Filament,High,CME
2017-01-25,18:01,402,S,307,Filament,Low,CME
2021-07-30,09:29,328,W,124,Filament,Low,CME
