Date,Time,Kp_Index,G_Scale,Duration,Impact_Level,Infrastructure
2016-12-25,12:22,5,G1,2,Medium,Geomagnetic
2015-01-02,00:19,5,G1,2,Medium,Geomagnetic
2023-12-12,12:41,7,G4,16,High,Geomagnetic
2018-08-12,11:07,2,G5,9,Low,Geomagnetic
2023-03-26,16:30,6,G5,5,High,Geomagnetic
2021-10-15,02:40,0,G2,20,Low,Geomagnetic
2024-10-15,08:03,3,G3,8,Low,Geomagnetic
2018-06-23,15:45,4,G4,17,Medium,Geomagnetic
2024-07-24,18:03,0,G2,8,Low,Geomagnetic
2015-12-30,00:03,0,G1,6,Low,Geomagnetic
2015-07-17,16:25,8,G2,22,High,Geomagnetic
2024-07-08,17:44,5,G2,12,Medium,Geomagnetic
2022-07-06,22:02,1,G3,16,Low,Geomagnetic
2021-03-12,07:27,0,G5,8,Low,Geomagnetic
2021-03-02,02:53,2,G4,9,Low,Geomagnetic
2021-06-09,13:54,3,G4,1,Low,Geomagnetic
2021-12-12,23:07,2,G5,13,Low,Geomagnetic
2022-11-12,01:44,7,G5,4,High,Geomagnetic
2018-10-15,09:06,3,G2,16,Low,Geomagnetic
2024-05-15,22:23,2,G3,2,Low,Geomagnetic
2016-07-24,20:54,0,G4,15,Low,Geomagnetic
2018-03-22,18:50,1,G2,23,Low,Geomagnetic
2019-09-22,18:56,1,G3,15,Low,Geomagnetic
2019-02-21,10:49,3,G2,9,Low,Geomagnetic
2021-11-26,07:29,5,G2,11,Medium,Geomagnetic
2023-07-29,09:36,3,G3,10,Low,Geomagnetic
2022-05-26,12:35,7,G5,7,High,Geomagnetic
2020-06-02,23:23,3,G4,23,Low,Geomagnetic
2022-01-21,08:32,7,G3,13,High,Geomagnetic
2023-07-25,02:34,5,G3,13,Medium,Geomagnetic
2022-09-21,14:43,7,G3,4,High,Geomagnetic
2015-06-05,04:03,4,G2,12,Medium,Geomagnetic
2017-04-16,21:53,4,G5,1,Medium,Geomagnetic
2023-08-27,13:00,8,G2,21,High,Geomagnetic
2018-11-25,15:12,5,G2,1,Medium,Geomagnetic
2016-03-12,10:04,5,G5,20,Medium,Geomagnetic
2017-03-06,23:14,6,G1,11,High,Geomagnetic
2021-08-09,06:14,6,G3,8,High,Geomagnetic
2020-05-23,17:00,0,G1,17,Low,Geomagnetic
2020-11-13,19:16,8,G3,6,High,Geomagnetic
2016-10-21,01:43,4,G5,8,Medium,Geomagnetic
2015-07-19,20:10,4,G4,15,Medium,Geomagnetic
2017-05-09,10:21,8,G3,19,High,Geomagnetic
2019-07-19,12:15,4,G2,23,Medium,Geomagnetic
2015-09-13,14:02,6,G1,16,High,Geomagnetic
2015-09-13,11:08,6,G1,23,High,Geomagnetic
2023-11-01,19:05,1,G1,16,Low,Geomagnetic
2023-12-09,03:29,6,G2,15,High,Geomagnetic
2017-07-06,09:29,3,G3,16,Low,Geomagnetic
2019-08-13,04:23,4,G3,23,Medium,Geomagnetic
2019-06-11,22:18,0,G4,16,Low,Geomagnetic
2018-07-10,18:04,4,G2,1,Medium,Geomagnetic
2019-10-18,22:53,4,G2,9,Medium,Geomagnetic
2020-09-14,10:46,4,G4,11,Medium,Geomagnetic
2015-08-08,19:58,4,G1,22,Medium,Geomagnetic
2019-04-04,07:15,7,G2,19,High,Geomagnetic
2024-09-21,07:19,7,G3,14,High,Geomagnetic
2021-01-29,05:07,4,G2,5,Medium,Geomagnetic
2022-05-18,13:36,2,G2,17,Low,Geomagnetic
2021-08-18,00:39,8,G1,12,High,Geomagnetic
2015-12-26,11:32,2,G4,1,Low,Geomagnetic
2022-10-06,20:45,0,G2,8,Low,Geomagnetic
2023-01-28,10:38,2,G1,17,Low,Geomagnetic
2016-10-10,00:54,5,G3,5,Medium,Geomagnetic
2015-01-19,01:22,2,G5,19,Low,Geomagnetic
2022-12-20,07:10,6,G1,18,High,Geomagnetic
2022-03-26,15:11,8,G1,18,High,Geomagnetic
2015-06-20,10:00,7,G4,14,High,Geomagnetic
2024-07-22,11:05,1,G5,2,Low,Geomagnetic
2024-11-22,05:29,7,G3,13,High,Geomagnetic
2019-11-17,04:02,5,G3,5,Medium,Geomagnetic
2017-07-10,18:46,8,G3,6,High,Geomagnetic
2022-06-15,01:46,1,G4,4,Low,Geomagnetic
2021-01-19,01:54,8,G4,14,High,Geomagnetic
2023-06-23,12:45,3,G3,4,Low,Geomagnetic
2022-08-19,09:56,6,G4,18,High,Geomagnetic
2021-06-24,04:34,6,G5,22,High,Geomagnetic
2018-03-08,10:17,7,G3,11,High,Geomagnetic
2015-03-22,12:48,2,G2,10,Low,Geomagnetic
2020-07-04,00:22,5,G2,6,Medium,Geomagnetic
2021-08-29,13:24,7,G1,18,High,Geomagnetic
2016-08-29,02:14,7,G1,7,High,Geomagnetic
2016-05-08,14:02,4,G4,6,Medium,Geomagnetic
2022-03-12,17:06,4,G1,6,Medium,Geomagnetic
2016-07-31,02:50,6,G4,21,High,Geomagnetic
2018-09-20,18:05,6,G1,9,High,Geomagnetic
2024-06-19,01:51,2,G5,5,Low,Geomagnetic
2019-09-19,01:55,5,G5,19,Medium,Geomagnetic
2020-08-27,18:45,4,G4,6,Medium,Geomagnetic
2017-06-27,18:58,6,G5,21,High,Geomagnetic
2021-05-14,21:06,0,G1,18,Low,Geomagnetic
2018-07-03,05:47,7,G1,5,High,Geomagnetic
2022-12-19,04:34,5,G4,12,Medium,Geomagnetic
2024-05-12,02:26,6,G1,8,High,Geomagnetic
2024-09-30,06:41,4,G4,22,Medium,Geomagnetic
2016-12-23,20:31,8,G2,22,High,Geomagnetic
2019-01-11,18:16,6,G4,17,High,Geomagnetic
2020-02-11,10:25,4,G4,15,Medium,Geomagnetic
2015-06-12,11:01,3,G4,10,Low,Geomagnetic
2016-03-25,08:14,1,G1,20,Low,Geomagnetic
2016-06-16,18:53,0,G2,18,Low,Geomagnetic
2020-01-11,04:49,4,G4,3,Medium,Geomagnetic
2018-06-22,01:14,0,G5,7,Low,Geomagnetic
2023-11-24,01:23,1,G2,11,Low,Geomagnetic
2023-05-24,02:57,2,G1,19,Low,Geomagnetic
2019-02-01,23:26,0,G4,10,Low,Geomagnetic
2020-04-30,04:49,6,G3,3,High,Geomagnetic
2020-05-28,02:46,4,G3,23,Medium,Geomagnetic
2020-05-25,05:57,4,G5,3,Medium,Geomagnetic
2021-11-30,12:18,4,G3,16,Medium,Geomagnetic
2018-05-20,07:23,1,G4,18,Low,Geomagnetic
2022-09-23,17:04,7,G5,17,High,Geomagnetic
2016-12-25,16:56,1,G4,1,Low,Geomagnetic
2015-04-14,00:24,4,G3,1,Medium,Geomagnetic
2020-02-12,07:10,3,G4,14,Low,Geomagnetic
2016-11-11,18:29,4,G3,2,Medium,Geomagnetic
2017-11-25,13:15,0,G1,23,Low,Geomagnetic
2018-10-12,19:31,8,G1,15,High,Geomagnetic
2021-07-01,00:46,6,G3,17,High,Geomagnetic
2017-03-01,07:39,7,G2,23,High,Geomagnetic
2021-11-09,12:40,1,G3,13,Low,Geomagnetic
2024-02-06,10:11,7,G1,11,High,Geomagnetic
2017-07-11,23:53,1,G1,16,Low,Geomagnetic
2015-09-13,00:11,5,G5,17,Medium,Geomagnetic
2018-08-18,20:21,8,G5,23,High,Geomagnetic
2016-08-03,22:56,0,G5,15,Low,Geomagnetic
2023-05-07,04:01,7,G2,16,High,Geomagnetic
2017-01-12,08:42,8,G1,10,High,Geomagnetic
2015-04-08,09:01,0,G5,17,Low,Geomagnetic
2020-12-10,18:46,5,G1,20,Medium,Geomagnetic
2024-05-13,09:08,0,G1,2,Low,Geomagnetic
2023-03-16,16:52,4,G3,7,Medium,Geomagnetic
2017-11-14,07:58,1,G2,2,Low,Geomagnetic
2020-12-19,06:37,3,G2,6,Low,Geomagnetic
2015-07-23,23:16,4,G5,1,Medium,Geomagnetic
2023-11-18,03:21,5,G4,20,Medium,Geomagnetic
2022-11-15,11:26,7,G1,21,High,Geomagnetic
2020-10-22,14:55,1,G3,23,Low,Geomagnetic
2016-11-12,03:55,8,G3,4,High,Geomagnetic
2018-10-13,00:12,5,G5,17,Medium,Geomagnetic
2020-10-09,19:02,6,G2,3,High,Geomagnetic
2021-05-29,05:31,0,G5,14,Low,Geomagnetic
2017-02-11,17:34,5,G5,16,Medium,Geomagnetic
2016-11-17,12:41,0,G4,18,Low,Geomagnetic
2016-04-02,14:13,8,G5,19,High,Geomagnetic
2019-11-24,04:35,5,G2,18,Medium,Geomagnetic
2015-03-18,11:18,2,G1,19,Low,Geomagnetic
2023-09-10,17:43,2,G4,11,Low,Geomagnetic
2024-11-11,14:04,4,G3,10,Medium,Geomagnetic
2024-02-12,19:43,6,G5,1,High,Geomagnetic
2020-05-18,17:20,2,G2,1,Low,Geomagnetic
2024-07-15,13:50,0,G5,18,Low,Geomagnetic
2023-07-02,19:33,8,G2,13,High,Geomagnetic
2020-07-22,11:26,8,G1,11,High,Geomagnetic
2018-08-01,08:56,5,G3,20,Medium,Geomagnetic
2019-06-04,05:12,3,G1,16,Low,Geomagnetic
2017-10-03,11:29,4,G3,20,Medium,Geomagnetic
2015-01-26,23:32,3,G5,13,Low,Geomagnetic
2020-08-01,13:49,2,G1,23,Low,Geomagnetic
2023-12-06,12:39,8,G4,5,High,Geomagnetic
2024-11-23,15:59,2,G5,16,Low,Geomagnetic
2019-11-09,20:04,3,G1,15,Low,Geomagnetic
2020-12-14,14:49,0,G1,20,Low,Geomagnetic
2024-06-20,00:56,1,G2,9,Low,Geomagnetic
2021-11-02,09:05,1,G2,20,Low,Geomagnetic
2019-10-13,20:40,2,G5,6,Low,Geomagnetic
2018-03-05,17:12,6,G2,19,High,Geomagnetic
2022-10-03,13:59,1,G3,3,Low,Geomagnetic
2016-06-08,21:17,7,G5,10,High,Geomagnetic
2022-09-19,21:51,7,G2,18,High,Geomagnetic
2017-01-22,08:25,1,G1,16,Low,Geomagnetic
2022-12-01,12:53,6,G3,16,High,Geomagnetic
2016-11-20,08:18,1,G4,5,Low,Geomagnetic
2019-06-03,14:55,7,G3,10,High,Geomagnetic
2019-03-23,21:22,5,G2,18,Medium,Geomagnetic
2022-04-07,14:13,0,G5,9,Low,Geomagnetic
2020-01-18,12:14,3,G3,22,Low,Geomagnetic
2024-04-18,15:19,4,G1,13,Medium,Geomagnetic
2024-06-13,06:22,4,G4,21,Medium,Geomagnetic
2017-01-02,12:49,8,G5,19,High,Geomagnetic
2022-03-18,19:53,3,G4,8,Low,Geomagnetic
2023-07-08,08:29,5,G1,6,Medium,Geomagnetic
2024-08-29,11:48,6,G5,1,High,Geomagnetic
2015-02-05,19:07,6,G5,17,High,Geomagnetic
2018-01-14,21:59,5,G2,15,Medium,Geomagnetic
2022-08-21,05:10,8,G5,21,High,Geomagnetic
2019-05-12,05:18,6,G4,6,High,Geomagnetic
2022-07-13,03:28,0,G3,22,Low,Geomagnetic
2015-11-24,23:29,5,G2,5,Medium,Geomagnetic
2022-08-22,11:20,1,G5,20,Low,Geomagnetic
2023-08-28,06:06,6,G1,23,High,Geomagnetic
2022-06-26,22:46,8,G4,12,High,Geomagnetic
2023-01-13,22:51,5,G1,22,Medium,Geomagnetic
2015-01-11,03:35,1,G1,11,Low,Geomagnetic
2017-05-12,20:55,4,G3,16,Medium,Geomagnetic
2022-01-16,20:36,8,G3,6,High,Geomagnetic
2021-03-25,07:53,1,G4,3,Low,Geomagnetic
2017-05-14,12:18,4,G3,16,Medium,Geomagnetic
2015-06-05,04:40,1,G1,16,Low,Geomagnetic
2020-04-15,19:59,3,G1,16,Low,Geomagnetic
2020-01-22,21:25,6,G1,14,High,Geomagnetic
2022-10-15,17:05,3,G3,22,Low,Geomagnetic
2020-08-02,19:35,5,G2,4,Medium,Geomagnetic
2023-12-28,05:12,3,G4,14,Low,Geomagnetic
2021-08-10,03:30,3,G1,2,Low,Geomagnetic
2022-11-19,07:25,6,G4,7,High,Geomagnetic
2023-12-19,12:37,4,G2,20,Medium,Geomagnetic
2018-12-28,00:05,7,G5,22,High,Geomagnetic
2020-12-01,11:43,6,G3,9,High,Geomagnetic
2022-10-23,09:16,3,G1,5,Low,Geomagnetic
2022-03-25,23:50,4,G5,21,Medium,Geomagnetic
2016-10-31,00:07,4,G1,14,Medium,Geomagnetic
2017-03-29,17:21,0,G1,22,Low,Geomagnetic
2018-10-08,08:55,8,G3,18,High,Geomagnetic
2016-08-13,06:56,6,G3,17,High,Geomagnetic
2018-04-17,02:56,7,G5,20,High,Geomagnetic
2019-01-01,05:40,7,G5,17,High,Geomagnetic
2022-06-17,21:19,4,G1,1,Medium,Geomagnetic
2024-09-16,17:18,0,G5,18,Low,Geomagnetic
2020-11-04,02:23,8,G5,15,High,Geomagnetic
2017-12-29,17:49,2,G5,2,Low,Geomagnetic
2021-12-12,07:04,3,G2,9,Low,Geomagnetic
2020-05-03,12:42,5,G1,21,Medium,Geomagnetic
2024-03-09,15:11,8,G3,7,High,Geomagnetic
2019-03-12,03:16,7,G2,12,High,Geomagnetic
2019-04-22,03:30,7,G3,23,High,Geomagnetic
2020-09-14,01:25,5,G4,17,Medium,Geomagnetic
2021-03-12,13:45,3,G1,15,Low,Geomagnetic
2018-08-10,11:12,3,G1,6,Low,Geomagnetic
2022-01-06,22:19,6,G5,23,High,Geomagnetic
2015-05-18,03:38,3,G3,13,Low,Geomagnetic
2018-10-30,08:11,4,G1,20,Medium,Geomagnetic
2017-07-30,19:06,2,G2,3,Low,Geomagnetic
2023-05-24,16:00,0,G3,17,Low,Geomagnetic
2015-06-02,09:46,4,G2,22,Medium,Geomagnetic
2021-08-26,16:37,7,G2,20,High,Geomagnetic
2021-09-06,00:58,7,G4,17,High,Geomagnetic
2019-11-25,16:40,6,G2,11,High,Geomagnetic
2018-06-16,09:46,0,G3,7,Low,Geomagnetic
2016-03-07,09:54,2,G5,14,Low,Geomagnetic
2020-12-05,23:15,5,G1,4,Medium,Geomagnetic
2024-04-13,11:46,0,G5,13,Low,Geomagnetic
2017-03-22,04:23,2,G2,6,Low,Geomagnetic
2017-04-14,11:31,0,G4,15,Low,Geomagnetic
2022-12-11,13:34,0,G5,7,Low,Geomagnetic
2021-12-27,18:50,8,G2,19,High,Geomagnetic
2021-07-24,18:43,6,G1,1,High,Geomagnetic
2015-12-24,07:19,8,G2,1,High,Geomagnetic
2024-03-07,02:57,1,G3,10,Low,Geomagnetic
2023-04-04,18:05,1,G3,23,Low,Geomagnetic
2019-03-26,19:58,0,G3,22,Low,Geomagnetic
2019-10-17,20:00,7,G4,20,High,Geomagnetic
2024-02-16,22:32,6,G3,2,High,Geomagnetic
2021-08-11,05:10,5,G1,22,Medium,Geomagnetic
2019-12-19,04:08,5,G3,17,Medium,Geomagnetic
2023-05-09,03:23,8,G5,2,High,Geomagnetic
2024-06-19,22:25,3,G2,9,Low,Geomagnetic
2016-11-20,16:51,5,G2,10,Medium,Geomagnetic
2023-10-12,21:19,5,G2,21,Medium,Geomagnetic
2021-10-18,07:18,6,G2,12,High,Geomagnetic
2022-01-27,09:52,3,G1,15,Low,Geomagnetic
2023-09-18,20:28,8,G3,3,High,Geomagnetic
2022-08-25,14:56,6,G5,11,High,Geomagnetic
2019-09-11,07:21,6,G4,10,High,Geomagnetic
2019-08-20,20:05,3,G4,16,Low,Geomagnetic
2021-07-17,06:02,8,G5,20,High,Geomagnetic
2018-04-03,04:41,8,G3,10,High,Geomagnetic
2023-11-09,14:27,3,G1,6,Low,Geomagnetic
2024-05-27,02:28,7,G4,6,High,Geomagnetic
2018-07-13,09:55,6,G1,10,High,Geomagnetic
2016-12-13,14:23,2,G1,8,Low,Geomagnetic
2024-10-23,20:56,0,G4,2,Low,Geomagnetic
2023-08-15,17:14,6,G4,5,High,Geomagnetic
2015-08-07,16:08,0,G5,21,Low,Geomagnetic
2021-03-20,09:59,2,G3,6,Low,Geomagnetic
2022-05-15,14:18,3,G3,17,Low,Geomagnetic
2018-10-18,09:31,0,G1,22,Low,Geomagnetic
2024-11-07,05:56,7,G4,11,High,Geomagnetic
2016-11-08,11:16,1,G1,19,Low,Geomagnetic
2021-08-03,01:59,5,G3,19,Medium,Geomagnetic
2020-01-22,18:01,2,G3,7,Low,Geomagnetic
2017-02-16,19:13,1,G5,5,Low,Geomagnetic
2015-11-13,19:56,5,G2,2,Medium,Geomagnetic
2023-02-20,01:24,5,G5,7,Medium,Geomagnetic
2022-08-13,03:05,0,G2,16,Low,Geomagnetic
2022-04-09,14:10,7,G3,23,High,Geomagnetic
2021-10-30,15:26,6,G1,15,High,Geomagnetic
2023-09-25,00:28,6,G2,11,High,Geomagnetic
2015-02-01,07:41,8,G4,5,High,Geomagnetic
2024-10-24,03:11,2,G1,1,Low,Geomagnetic
2015-09-30,11:03,2,G2,1,Low,Geomagnetic
2018-03-17,08:46,4,G3,1,Medium,Geomagnetic
2017-11-13,14:16,6,G3,22,High,Geomagnetic
2018-02-04,13:48,4,G1,19,Medium,Geomagnetic
2023-10-26,02:51,6,G5,9,High,Geomagnetic
2021-03-15,01:20,3,G3,14,Low,Geomagnetic
2024-01-06,08:39,3,G2,13,Low,Geomagnetic
2023-06-01,18:09,2,G1,8,Low,Geomagnetic
2015-03-06,01:38,6,G5,18,High,Geomagnetic
2022-01-24,06:14,5,G3,2,Medium,Geomagnetic
2022-10-14,12:29,8,G2,15,High,Geomagnetic
2023-08-24,07:48,5,G2,22,Medium,Geomagnetic
2019-10-03,07:00,3,G5,16,Low,Geomagnetic
2020-10-06,12:49,4,G1,7,Medium,Geomagnetic
2021-02-01,23:17,3,G5,7,Low,Geomagnetic
2019-11-12,17:20,3,G2,23,Low,Geomagnetic
2018-08-25,13:40,3,G3,5,Low,Geomagnetic
2016-02-23,16:48,8,G1,22,High,Geomagnetic
2021-10-30,22:13,6,G5,11,High,Geomagnetic
2017-10-18,07:46,6,G2,21,High,Geomagnetic
2018-05-31,07:49,0,G3,3,Low,Geomagnetic
2015-04-15,16:09,6,G4,17,High,Geomagnetic
2020-05-15,10:47,8,G3,2,High,Geomagnetic
2015-10-09,18:31,5,G3,10,Medium,Geomagnetic
2019-10-20,03:17,7,G1,1,High,Geomagnetic
2021-10-13,23:34,8,G5,6,High,Geomagnetic
2019-03-11,07:58,7,G1,14,High,Geomagnetic
2024-02-03,07:29,8,G4,7,High,Geomagnetic
2020-02-29,01:54,6,G5,9,High,Geomagnetic
2018-05-07,07:24,8,G2,9,High,Geomagnetic
2016-02-23,07:39,5,G1,19,Medium,Geomagnetic
2019-06-06,11:36,2,G2,17,Low,Geomagnetic
2015-02-12,03:41,6,G5,21,High,Geomagnetic
2015-05-20,04:14,5,G3,11,Medium,Geomagnetic
2023-01-11,08:01,4,G2,15,Medium,Geomagnetic
2019-12-28,06:42,7,G2,23,High,Geomagnetic
2022-11-10,22:42,2,G5,6,Low,Geomagnetic
2015-01-25,00:50,7,G1,10,High,Geomagnetic
2015-03-30,22:19,8,G4,16,High,Geomagnetic
2024-01-05,16:03,8,G1,12,High,Geomagnetic
2024-09-24,08:49,3,G5,20,Low,Geomagnetic
2023-09-25,16:15,4,G3,2,Medium,Geomagnetic
2018-10-29,14:12,0,G3,2,Low,Geomagnetic
2017-12-23,00:05,8,G2,10,High,Geomagnetic
2022-02-19,06:34,5,G5,22,Medium,Geomagnetic
2023-07-06,11:37,8,G5,17,High,Geomagnetic
2023-10-07,12:37,7,G5,22,High,Geomagnetic
2018-11-04,18:22,3,G1,23,Low,Geomagnetic
2023-03-22,20:39,3,G1,16,Low,Geomagnetic
2019-11-23,23:17,1,G4,14,Low,Geomagnetic
2022-02-18,17:30,5,G2,20,Medium,Geomagnetic
2017-01-17,09:00,0,G3,3,Low,Geomagnetic
2023-03-13,21:18,8,G2,9,High,Geomagnetic
2020-07-30,09:17,3,G1,16,Low,Geomagnetic
2024-05-29,13:57,1,G1,16,Low,Geomagnetic
2022-02-23,11:55,0,G1,16,Low,Geomagnetic
2024-02-09,00:58,4,G3,5,Medium,Geomagnetic
2018-09-06,09:10,2,G1,9,Low,Geomagnetic
2024-09-28,02:33,5,G5,21,Medium,Geomagnetic
2016-04-02,08:45,5,G2,5,Medium,Geomagnetic
2023-01-07,16:45,4,G1,1,Medium,Geomagnetic
2019-12-20,06:44,3,G3,21,Low,Geomagnetic
2021-10-04,22:33,0,G4,23,Low,Geomagnetic
2019-01-31,19:02,7,G3,13,High,Geomagnetic
2017-11-04,14:53,2,G5,6,Low,Geomagnetic
2017-10-13,16:49,8,G4,19,High,Geomagnetic
2018-09-16,05:53,3,G1,10,Low,Geomagnetic
2015-01-09,02:52,3,G5,8,Low,Geomagnetic
2017-11-16,00:13,7,G5,15,High,Geomagnetic
2015-10-08,04:52,5,G4,14,Medium,Geomagnetic
2022-07-13,02:37,8,G1,23,High,Geomagnetic
2017-08-10,07:19,6,G4,9,High,Geomagnetic
2024-01-21,17:37,1,G4,20,Low,Geomagnetic
2023-04-07,00:48,7,G4,4,High,Geomagnetic
2024-11-27,08:28,5,G2,3,Medium,Geomagnetic
2020-05-14,06:41,6,G4,19,High,Geomagnetic
2021-07-17,05:53,6,G2,4,High,Geomagnetic
2015-10-16,09:12,8,G2,9,High,Geomagnetic
2016-03-18,05:49,2,G1,7,Low,Geomagnetic
2023-01-27,06:09,2,G2,9,Low,Geomagnetic
2015-01-02,01:17,3,G1,13,Low,Geomagnetic
2016-08-17,19:12,5,G3,14,Medium,Geomagnetic
2017-06-18,00:41,6,G5,9,High,Geomagnetic
2015-05-04,10:01,4,G2,1,Medium,Geomagnetic
2016-10-28,00:23,4,G3,20,Medium,Geomagnetic
2020-06-06,11:05,6,G5,23,High,Geomagnetic
2024-01-02,20:21,3,G3,23,Low,Geomagnetic
2016-04-15,18:09,5,G1,2,Medium,Geomagnetic
2017-03-01,02:16,7,G1,10,High,Geomagnetic
2015-02-25,10:47,7,G2,10,High,Geomagnetic
2015-06-27,11:48,4,G3,18,Medium,Geomagnetic
2022-08-04,23:16,2,G2,20,Low,Geomagnetic
2023-02-17,14:28,5,G2,1,Medium,Geomagnetic
2017-08-05,23:37,1,G5,7,Low,Geomagnetic
2023-07-05,13:40,2,G2,15,Low,Geomagnetic
2018-11-22,02:08,1,G5,23,Low,Geomagnetic
2021-02-07,14:27,3,G5,15,Low,Geomagnetic
2023-01-13,14:54,7,G2,7,High,Geomagnetic
2021-11-22,04:35,2,G3,7,Low,Geomagnetic
2017-04-05,09:39,4,G3,6,Medium,Geomagnetic
2024-02-20,23:32,0,G5,4,Low,Geomagnetic
2022-09-29,22:57,3,G1,21,Low,Geomagnetic
2018-03-18,12:16,6,G4,23,High,Geomagnetic
2021-10-01,16:43,6,G2,20,High,Geomagnetic
2019-09-29,07:40,3,G5,1,Low,Geomagnetic
2017-01-02,16:23,6,G3,19,High,Geomagnetic
2019-12-12,11:36,4,G3,16,Medium,Geomagnetic
2021-01-28,05:17,6,G4,7,High,Geomagnetic
2024-02-28,03:54,3,G5,9,Low,Geomagnetic
2023-08-29,07:01,0,G4,12,Low,Geomagnetic
2024-02-12,09:02,6,G2,5,High,Geomagnetic
2023-05-04,15:12,0,G4,9,Low,Geomagnetic
2019-09-08,17:15,5,G4,18,Medium,Geomagnetic
2018-02-15,04:46,2,G1,18,Low,Geomagnetic
2021-06-02,14:31,7,G5,3,High,Geomagnetic
2018-04-24,23:33,6,G3,5,High,Geomagnetic
2024-04-15,16:26,8,G5,18,High,Geomagnetic
2021-05-03,22:07,3,G4,10,Low,Geomagnetic
2020-03-17,09:38,0,G2,10,Low,Geomagnetic
2024-12-26,16:37,5,G2,17,Medium,Geomagnetic
2017-12-16,01:41,7,G3,13,High,Geomagnetic
2020-07-23,02:52,0,G2,23,Low,Geomagnetic
2024-11-29,05:23,4,G2,22,Medium,Geomagnetic
2021-03-08,15:01,7,G3,10,High,Geomagnetic
2015-09-10,22:51,2,G4,19,Low,Geomagnetic
2022-01-22,07:59,0,G4,14,Low,Geomagnetic
2019-12-19,21:51,3,G3,13,Low,Geomagnetic
2022-11-04,12:13,7,G5,7,High,Geomagnetic
2019-02-25,22:59,7,G4,17,High,Geomagnetic
2019-10-21,22:31,0,G2,5,Low,Geomagnetic
2017-05-21,18:18,8,G3,22,High,Geomagnetic
2015-02-02,00:33,0,G2,16,Low,Geomagnetic
2022-03-12,22:45,7,G3,21,High,Geomagnetic
2022-05-31,05:44,7,G2,7,High,Geomagnetic
2024-05-17,15:19,5,G4,18,Medium,Geomagnetic
2020-06-21,19:13,5,G4,5,Medium,Geomagnetic
2018-06-20,20:16,2,G2,12,Low,Geomagnetic
2015-07-03,13:38,0,G2,14,Low,Geomagnetic
2016-07-27,03:05,5,G1,16,Medium,Geomagnetic
2023-06-10,04:57,3,G3,22,Low,Geomagnetic
2021-10-07,01:36,8,G2,17,High,Geomagnetic
2019-11-06,10:23,4,G5,1,Medium,Geomagnetic
2021-06-24,07:32,3,G5,18,Low,Geomagnetic
2016-12-09,09:51,1,G4,21,Low,Geomagnetic
2015-01-31,23:19,5,G4,15,Medium,Geomagnetic
2022-11-09,14:35,2,G3,7,Low,Geomagnetic
2018-02-08,14:48,6,G1,22,High,Geomagnetic
2024-03-11,17:38,1,G1,23,Low,Geomagnetic
2020-05-30,09:02,4,G1,1,Medium,Geomagnetic
2018-08-29,12:02,0,G2,20,Low,Geomagnetic
2020-03-28,19:54,0,G1,5,Low,Geomagnetic
2024-01-05,19:53,5,G4,18,Medium,Geomagnetic
2022-01-28,21:19,5,G2,3,Medium,Geomagnetic
2017-08-29,12:59,8,G3,10,High,Geomagnetic
2021-07-02,02:39,3,G1,5,Low,Geomagnetic
2022-11-06,05:21,0,G3,1,Low,Geomagnetic
2021-01-24,08:13,8,G5,16,High,Geomagnetic
2019-06-04,20:29,2,G4,3,Low,Geomagnetic
2016-03-26,16:59,6,G5,21,High,Geomagnetic
2020-03-18,15:47,7,G4,2,High,Geomagnetic
2016-02-10,20:59,5,G5,2,Medium,Geomagnetic
2016-02-02,00:33,0,G3,18,Low,Geomagnetic
2015-06-30,02:15,4,G5,8,Medium,Geomagnetic
2023-01-05,20:00,2,G4,20,Low,Geomagnetic
2019-10-06,23:23,0,G3,18,Low,Geomagnetic
2015-07-30,00:50,7,G5,20,High,Geomagnetic
2020-01-15,17:28,7,G4,12,High,Geomagnetic
2016-06-25,18:52,1,G4,12,Low,Geomagnetic
2024-08-22,20:01,1,G4,12,Low,Geomagnetic
2020-06-05,11:06,2,G4,19,Low,Geomagnetic
2024-08-17,06:08,0,G3,13,Low,Geomagnetic
2019-09-12,10:44,7,G5,21,High,Geomagnetic
2017-02-20,14:23,3,G1,16,Low,Geomagnetic
2018-01-24,07:50,3,G1,13,Low,Geomagnetic
2020-12-14,17:05,7,G5,10,High,Geomagnetic
2016-12-01,16:02,5,G2,5,Medium,Geomagnetic
2016-07-09,19:26,1,G2,23,Low,Geomagnetic
2024-11-15,10:48,8,G3,3,High,Geomagnetic
2020-07-01,13:07,1,G3,3,Low,Geomagnetic
2023-05-08,19:20,1,G2,12,Low,Geomagnetic
2016-05-31,09:01,0,G3,20,Low,Geomagnetic
2023-04-17,15:18,6,G5,19,High,Geomagnetic
2015-12-27,18:20,5,G1,8,Medium,Geomagnetic
2023-12-14,02:13,2,G1,16,Low,Geomagnetic
2015-04-28,16:11,3,G5,3,Low,Geomagnetic
2024-10-22,22:55,3,G1,19,Low,Geomagnetic
2020-10-14,17:15,1,G2,2,Low,Geomagnetic
2023-06-05,18:03,0,G5,14,Low,Geomagnetic
2019-07-12,03:39,6,G1,20,High,Geomagnetic
2021-12-22,02:37,6,G2,22,High,Geomagnetic
2023-05-28,10:32,5,G5,3,Medium,Geomagnetic
2016-12-23,22:32,4,G1,20,Medium,Geomagnetic
2019-04-28,11:34,7,G3,21,High,Geomagnetic
2021-05-07,10:48,7,G2,7,High,Geomagnetic
2018-03-18,15:25,3,G5,11,Low,Geomagnetic
2019-10-10,08:19,6,G1,9,High,Geomagnetic
2024-08-31,02:47,1,G4,16,Low,Geomagnetic
2017-03-17,02:37,6,G4,9,High,Geomagnetic
2018-12-01,08:31,6,G5,16,High,Geomagnetic
2022-08-03,09:07,6,G2,15,High,Geomagnetic
2021-03-07,01:15,4,G3,18,Medium,Geomagnetic
2022-04-13,06:13,0,G4,22,Low,Geomagnetic
2022-02-06,10:19,3,G4,21,Low,Geomagnetic
2016-08-15,04:18,0,G4,12,Low,Geomagnetic
2017-03-28,15:15,4,G4,1,Medium,Geomagnetic
2021-11-23,14:55,0,G4,2,Low,Geomagnetic
2020-05-29,12:06,1,G5,15,Low,Geomagnetic
2019-03-14,18:14,1,G5,9,Low,Geomagnetic
2016-12-05,07:46,0,G2,19,Low,Geomagnetic
2020-07-04,13:21,8,G3,10,High,Geomagnetic
2020-08-19,16:08,8,G2,3,High,Geomagnetic
2017-01-17,19:06,0,G4,14,Low,Geomagnetic
2016-12-17,16:37,6,G3,23,High,Geomagnetic
2019-12-19,16:44,8,G2,20,High,Geomagnetic
2015-11-10,12:48,2,G1,9,Low,Geomagnetic
2015-07-01,17:36,0,G2,23,Low,Geomagnetic
2023-07-24,09:23,6,G3,7,High,Geomagnetic
2016-07-16,02:04,7,G1,14,High,Geomagnetic
2022-01-14,03:28,0,G3,15,Low,Geomagnetic
2016-07-22,05:33,8,G4,12,High,Geomagnetic
2018-12-25,13:43,7,G4,15,High,Geomagnetic
2017-06-12,09:45,1,G5,1,Low,Geomagnetic
2019-06-01,13:07,0,G5,3,Low,Geomagnetic
2021-08-09,02:28,2,G1,11,Low,Geomagnetic
2021-01-02,02:25,5,G5,20,Medium,Geomagnetic
2021-08-17,00:04,7,G1,3,High,Geomagnetic
2021-04-13,17:31,6,G5,13,High,Geomagnetic
2021-08-05,19:44,1,G1,17,Low,Geomagnetic
2017-02-06,02:18,8,G4,4,High,Geomagnetic
2015-08-28,08:09,4,G2,3,Medium,Geomagnetic
2016-08-06,20:18,8,G5,6,High,Geomagnetic
2021-11-02,00:58,5,G4,12,Medium,Geomagnetic
2023-07-02,15:03,5,G2,8,Medium,Geomagnetic
2023-02-05,19:36,0,G4,6,Low,Geomagnetic
2015-05-04,00:56,4,G2,8,Medium,Geomagnetic
2020-10-26,15:01,2,G3,14,Low,Geomagnetic
2018-07-20,05:36,8,G1,6,High,Geomagnetic
2023-04-06,11:03,3,G1,2,Low,Geomagnetic
2018-03-24,23:59,7,G1,7,High,Geomagnetic
2019-08-27,18:22,0,G3,20,Low,Geomagnetic
2016-08-30,08:38,7,G3,20,High,Geomagnetic
2017-12-17,14:27,8,G4,20,High,Geomagnetic
2024-10-07,14:33,2,G1,2,Low,Geomagnetic
2020-05-21,11:50,6,G3,8,High,Geomagnetic
2020-11-09,07:11,6,G4,12,High,Geomagnetic
2015-01-12,04:15,1,G3,1,Low,Geomagnetic
2018-11-24,11:54,5,G2,22,Medium,Geomagnetic
2021-08-25,19:05,0,G3,8,Low,Geomagnetic
2016-10-20,23:45,1,G1,4,Low,Geomagnetic
2015-03-01,21:33,8,G3,8,High,Geomagnetic
2019-11-22,07:49,2,G1,18,Low,Geomagnetic
2016-03-28,01:31,6,G2,7,High,Geomagnetic
2019-08-17,23:16,5,G1,20,Medium,Geomagnetic
2022-07-06,01:52,1,G1,6,Low,Geomagnetic
2018-03-16,08:28,0,G5,19,Low,Geomagnetic
2015-02-06,08:29,3,G3,20,Low,Geomagnetic
2020-01-28,18:04,4,G1,3,Medium,Geomagnetic
2024-01-06,13:01,0,G5,21,Low,Geomagnetic
2020-07-16,03:04,2,G4,1,Low,Geomagnetic
2017-11-25,00:14,2,G5,5,Low,Geomagnetic
2018-06-02,07:02,5,G4,17,Medium,Geomagnetic
2019-03-08,18:34,7,G2,17,High,Geomagnetic
2024-02-03,05:13,3,G4,7,Low,Geomagnetic
2017-10-02,04:29,7,G4,15,High,Geomagnetic
2023-05-08,18:13,7,G4,17,High,Geomagnetic
2017-02-21,21:47,4,G3,20,Medium,Geomagnetic
2015-02-24,09:18,0,G2,17,Low,Geomagnetic
2024-11-21,14:05,4,G2,16,Medium,Geomagnetic
2023-12-12,15:52,1,G1,14,Low,Geomagnetic
2019-10-14,21:58,2,G3,1,Low,Geomagnetic
2024-12-15,21:38,7,G4,14,High,Geomagnetic
2016-04-13,11:39,4,G4,19,Medium,Geomagnetic
2024-03-23,08:49,3,G1,6,Low,Geomagnetic
2020-12-15,09:55,6,G1,2,High,Geomagnetic
2017-05-13,01:06,0,G4,7,Low,Geomagnetic
2022-02-27,07:57,0,G4,4,Low,Geomagnetic
2019-11-05,14:10,3,G4,22,Low,Geomagnetic
2023-10-31,05:55,2,G3,2,Low,Geomagnetic
2020-11-13,20:37,7,G5,14,High,Geomagnetic
2015-10-04,07:09,7,G2,17,High,Geomagnetic
2021-03-05,04:26,2,G2,22,Low,Geomagnetic
2021-04-02,09:11,8,G2,13,High,Geomagnetic
2024-05-05,03:23,7,G1,10,High,Geomagnetic
2018-12-24,01:10,6,G5,11,High,Geomagnetic
2018-12-30,17:43,8,G1,3,High,Geomagnetic
2022-10-12,01:13,7,G3,18,High,Geomagnetic
2019-08-14,16:16,2,G1,2,Low,Geomagnetic
2019-04-01,05:07,1,G5,3,Low,Geomagnetic
2018-02-08,20:35,1,G5,17,Low,Geomagnetic
2020-09-18,05:45,0,G2,9,Low,Geomagnetic
2021-07-25,00:42,4,G5,14,Medium,Geomagnetic
2020-09-05,19:29,5,G2,23,Medium,Geomagnetic
2024-02-18,13:54,0,G1,1,Low,Geomagnetic
2022-07-19,22:12,8,G4,14,High,Geomagnetic
2023-06-14,16:31,4,G5,12,Medium,Geomagnetic
2022-03-20,08:02,3,G1,20,Low,Geomagnetic
2024-01-26,17:56,3,G3,6,Low,Geomagnetic
2021-06-01,20:28,3,G1,22,Low,Geomagnetic
2015-12-13,03:33,1,G2,9,Low,Geomagnetic
2020-09-30,20:34,2,G3,4,Low,Geomagnetic
2022-12-28,17:43,8,G1,9,High,Geomagnetic
2022-04-29,21:36,3,G4,10,Low,Geomagnetic
2017-08-27,16:20,4,G1,4,Medium,Geomagnetic
2021-04-11,01:42,1,G4,7,Low,Geomagnetic
2020-12-31,19:25,3,G5,4,Low,Geomagnetic
2023-11-16,22:25,0,G2,10,Low,Geomagnetic
2015-05-14,10:57,6,G2,12,High,Geomagnetic
2022-07-02,03:46,1,G3,3,Low,Geomagnetic
2020-11-19,04:26,6,G1,16,High,Geomagnetic
2018-03-15,01:30,2,G5,3,Low,Geomagnetic
2018-10-30,15:58,5,G4,13,Medium,Geomagnetic
2024-12-24,18:52,8,G2,4,High,Geomagnetic
2024-12-27,04:51,5,G5,15,Medium,Geomagnetic
2021-04-05,13:27,6,G5,1,High,Geomagnetic
2018-07-29,19:12,7,G2,22,High,Geomagnetic
2020-08-15,06:08,4,G2,3,Medium,Geomagnetic
2022-05-05,00:10,0,G5,12,Low,Geomagnetic
2017-08-17,15:24,8,G5,16,High,Geomagnetic
2020-12-21,23:21,0,G3,2,Low,Geomagnetic
2016-07-23,11:16,8,G1,23,High,Geomagnetic
2022-08-02,16:14,2,G2,9,Low,Geomagnetic
2022-07-28,07:09,3,G3,7,Low,Geomagnetic
2023-08-17,09:15,3,G2,5,Low,Geomagnetic
2019-10-12,05:48,8,G5,16,High,Geomagnetic
2016-07-05,03:11,3,G2,8,Low,Geomagnetic
2021-04-06,05:31,1,G5,18,Low,Geomagnetic
2020-12-16,19:37,7,G4,11,High,Geomagnetic
2018-01-03,20:04,5,G1,7,Medium,Geomagnetic
2020-04-05,23:59,5,G5,4,Medium,Geomagnetic
2018-01-25,05:09,4,G4,14,Medium,Geomagnetic
2017-04-14,12:08,6,G3,18,High,Geomagnetic
2018-02-06,05:23,8,G4,14,High,Geomagnetic
2020-08-16,10:26,4,G3,18,Medium,Geomagnetic
2018-06-10,12:47,2,G3,19,Low,Geomagnetic
2018-10-14,13:40,6,G3,6,High,Geomagnetic
2020-01-05,07:40,7,G3,21,High,Geomagnetic
2020-08-15,08:34,1,G2,20,Low,Geomagnetic
2024-09-03,18:46,6,G3,22,High,Geomagnetic
2023-08-18,02:55,2,G4,8,Low,Geomagnetic
2022-04-28,11:13,7,G3,5,High,Geomagnetic
2021-01-15,09:33,3,G1,10,Low,Geomagnetic
2022-01-17,01:54,8,G4,21,High,Geomagnetic
2016-05-13,17:42,8,G3,16,High,Geomagnetic
2022-09-15,15:26,0,G4,9,Low,Geomagnetic
2017-10-11,15:58,2,G2,12,Low,Geomagnetic
2018-12-20,03:04,7,G2,7,High,Geomagnetic
2018-08-07,00:05,2,G5,7,Low,Geomagnetic
2018-06-05,16:41,4,G4,10,Medium,Geomagnetic
2017-12-15,19:44,3,G2,12,Low,Geomagnetic
2020-08-20,16:09,8,G4,10,High,Geomagnetic
2015-08-24,12:03,0,G3,2,Low,Geomagnetic
2015-01-02,15:27,1,G5,22,Low,Geomagnetic
2017-12-26,17:34,3,G3,4,Low,Geomagnetic
2024-02-20,23:30,6,G2,7,High,Geomagnetic
2018-10-15,12:13,3,G5,18,Low,Geomagnetic
2018-06-20,02:18,8,G4,19,High,Geomagnetic
2024-11-30,01:56,3,G2,2,Low,Geomagnetic
2019-01-05,14:50,5,G3,8,Medium,Geomagnetic
2021-01-04,11:52,8,G2,23,High,Geomagnetic
2018-10-10,23:07,1,G3,4,Low,Geomagnetic
2018-11-28,14:01,5,G1,5,Medium,Geomagnetic
2015-01-24,17:38,4,G5,8,Medium,Geomagnetic
2019-07-17,04:29,5,G2,9,Medium,Geomagnetic
2022-07-31,13:42,7,G3,3,High,Geomagnetic
2018-01-29,03:36,7,G1,22,High,Geomagnetic
2024-04-03,23:25,8,G5,17,High,Geomagnetic
2017-10-21,17:15,1,G2,9,Low,Geomagnetic
2015-10-01,23:27,4,G4,21,Medium,Geomagnetic
2019-01-27,19:25,0,G5,7,Low,Geomagnetic
2021-08-12,18:15,1,G1,4,Low,Geomagnetic
2017-11-17,03:08,5,G1,17,Medium,Geomagnetic
2015-06-16,00:02,6,G3,11,High,Geomagnetic
2022-11-06,22:29,3,G3,18,Low,Geomagnetic
2019-06-29,10:39,4,G4,16,Medium,Geomagnetic
2020-07-20,14:16,8,G3,19,High,Geomagnetic
2016-04-12,00:45,7,G1,18,High,Geomagnetic
2020-05-01,01:50,7,G3,8,High,Geomagnetic
2015-12-06,13:19,8,G5,4,High,Geomagnetic
2020-04-22,09:09,2,G1,8,Low,Geomagnetic
2022-05-05,18:08,6,G3,13,High,Geomagnetic
2022-10-19,01:59,4,G4,2,Medium,Geomagnetic
2022-12-28,19:59,7,G5,17,High,Geomagnetic
2017-05-18,16:12,7,G1,21,High,Geomagnetic
2024-07-14,02:20,7,G5,18,High,Geomagnetic
2024-07-26,12:57,4,G1,3,Medium,Geomagnetic
2022-03-13,23:15,0,G4,5,Low,Geomagnetic
2017-09-26,10:06,8,G4,11,High,Geomagnetic
2019-07-18,20:43,5,G1,17,Medium,Geomagnetic
2015-11-18,00:10,4,G3,7,Medium,Geomagnetic
2022-04-02,22:48,6,G2,22,High,Geomagnetic
2022-04-10,09:07,6,G2,14,High,Geomagnetic
2023-02-12,17:05,7,G3,4,High,Geomagnetic
2019-10-18,23:52,0,G1,16,Low,Geomagnetic
2024-07-12,10:59,6,G2,17,High,Geomagnetic
2019-11-16,08:01,3,G2,7,Low,Geomagnetic
2023-05-29,12:10,7,G3,12,High,Geomagnetic
2022-09-28,18:12,5,G2,20,Medium,Geomagnetic
2016-12-10,21:48,8,G3,21,High,Geomagnetic
2016-06-30,03:08,3,G3,13,Low,Geomagnetic
2018-08-02,00:47,1,G3,7,Low,Geomagnetic
2018-12-08,05:43,8,G1,16,High,Geomagnetic
2023-08-21,19:38,7,G5,20,High,Geomagnetic
2016-06-05,16:35,5,G5,2,Medium,Geomagnetic
2018-09-19,10:44,2,G3,11,Low,Geomagnetic
2022-10-04,00:25,8,G4,21,High,Geomagnetic
2017-08-12,13:17,1,G2,17,Low,Geomagnetic
2024-09-02,22:32,3,G4,18,Low,Geomagnetic
2017-11-08,14:58,6,G3,17,High,Geomagnetic
2020-07-25,20:36,8,G3,21,High,Geomagnetic
2018-02-28,00:39,4,G1,9,Medium,Geomagnetic
2022-01-17,05:08,5,G5,23,Medium,Geomagnetic
2015-05-15,11:16,5,G4,22,Medium,Geomagnetic
2021-01-08,20:09,6,G4,2,High,Geomagnetic
2022-02-15,11:06,5,G1,18,Medium,Geomagnetic
2018-01-08,20:49,5,G5,10,Medium,Geomagnetic
2020-04-23,05:59,2,G1,17,Low,Geomagnetic
2022-05-23,05:36,0,G5,19,Low,Geomagnetic
2019-06-06,14:58,8,G5,12,High,Geomagnetic
2017-05-14,04:16,3,G3,6,Low,Geomagnetic
2023-06-09,20:28,1,G3,13,Low,Geomagnetic
2021-04-02,02:10,2,G1,2,Low,Geomagnetic
2022-12-19,17:05,7,G3,18,High,Geomagnetic
2019-10-23,10:18,7,G1,20,High,Geomagnetic
2016-03-02,11:22,6,G4,12,High,Geomagnetic
2023-03-09,15:06,3,G3,4,Low,Geomagnetic
2015-04-11,00:39,8,G4,21,High,Geomagnetic
2019-03-16,21:52,8,G2,5,High,Geomagnetic
2015-09-16,09:23,6,G2,8,High,Geomagnetic
2015-06-20,07:29,3,G4,6,Low,Geomagnetic
2020-12-29,04:14,0,G1,17,Low,Geomagnetic
2021-05-12,13:03,4,G1,8,Medium,Geomagnetic
2022-10-05,15:59,1,G3,1,Low,Geomagnetic
2018-10-05,16:59,3,G2,18,Low,Geomagnetic
2023-06-22,21:16,5,G5,15,Medium,Geomagnetic
2024-04-09,06:44,5,G2,18,Medium,Geomagnetic
2018-08-11,07:58,1,G5,17,Low,Geomagnetic
2023-06-25,02:01,2,G5,1,Low,Geomagnetic
2019-05-11,15:21,0,G2,11,Low,Geomagnetic
2021-04-29,07:35,8,G2,21,High,Geomagnetic
2024-05-31,06:49,2,G1,5,Low,Geomagnetic
2022-02-05,00:31,7,G5,14,High,Geomagnetic
2019-06-09,01:11,2,G3,19,Low,Geomagnetic
2020-04-11,00:09,6,G3,4,High,Geomagnetic
2019-11-03,00:20,3,G5,9,Low,Geomagnetic
2020-07-26,21:11,2,G2,12,Low,Geomagnetic
2017-05-16,20:00,4,G3,14,Medium,Geomagnetic
2021-06-07,21:40,7,G3,7,High,Geomagnetic
2023-06-15,18:09,0,G2,11,Low,Geomagnetic
2024-08-10,18:32,0,G5,8,Low,Geomagnetic
2019-11-05,20:48,5,G5,18,Medium,Geomagnetic
2020-05-24,18:35,0,G5,1,Low,Geomagnetic
2021-04-26,07:31,4,G3,12,Medium,Geomagnetic
2020-08-22,08:57,0,G1,23,Low,Geomagnetic
2017-10-01,09:32,2,G3,19,Low,Geomagnetic
2016-08-12,09:45,8,G4,12,High,Geomagnetic
2016-01-24,21:36,0,G1,15,Low,Geomagnetic
2023-05-25,02:23,2,G5,21,Low,Geomagnetic
2023-11-05,14:26,3,G3,4,Low,Geomagnetic
2023-07-03,02:22,6,G4,16,High,Geomagnetic
2018-09-22,02:21,1,G4,23,Low,Geomagnetic
2020-09-08,04:17,3,G4,18,Low,Geomagnetic
2023-02-15,03:32,2,G2,20,Low,Geomagnetic
2017-10-14,12:06,7,G4,22,High,Geomagnetic
2023-08-25,04:58,8,G4,13,High,Geomagnetic
2022-12-25,00:58,5,G1,17,Medium,Geomagnetic
2023-03-27,08:21,7,G1,8,High,Geomagnetic
2019-11-29,21:02,2,G5,12,Low,Geomagnetic
2022-09-11,02:27,2,G1,20,Low,Geomagnetic
2017-08-12,06:34,2,G5,17,Low,Geomagnetic
2022-03-28,17:38,6,G4,20,High,Geomagnetic
2022-12-18,04:21,8,G5,20,High,Geomagnetic
2019-12-02,13:02,8,G1,23,High,Geomagnetic
2016-05-17,23:24,8,G1,6,High,Geomagnetic
2023-05-14,20:32,8,G3,12,High,Geomagnetic
2024-01-24,12:37,2,G5,10,Low,Geomagnetic
2022-01-21,13:04,3,G1,21,Low,Geomagnetic
2019-10-05,07:17,8,G4,13,High,Geomagnetic
2021-12-24,03:06,0,G4,9,Low,Geomagnetic
2017-06-06,21:32,3,G4,14,Low,Geomagnetic
2022-01-28,18:20,6,G3,11,High,Geomagnetic
2023-08-21,01:21,1,G5,17,Low,Geomagnetic
2023-08-02,06:47,8,G5,14,High,Geomagnetic
2016-11-17,09:03,8,G2,11,High,Geomagnetic
2019-03-02,23:42,8,G2,3,High,Geomagnetic
2021-02-03,12:22,0,G1,14,Low,Geomagnetic
2016-09-13,23:15,4,G4,11,Medium,Geomagnetic
2024-04-09,10:37,5,G3,2,Medium,Geomagnetic
2024-06-05,00:43,6,G4,19,High,Geomagnetic
2015-09-18,20:09,0,G3,10,Low,Geomagnetic
2024-06-02,08:33,6,G4,1,High,Geomagnetic
2019-10-06,04:39,0,G1,17,Low,Geomagnetic
2015-07-05,12:37,6,G4,5,High,Geomagnetic
2019-05-24,03:28,3,G3,23,Low,Geomagnetic
2016-11-27,05:31,5,G4,5,Medium,Geomagnetic
2022-12-08,06:09,5,G2,10,Medium,Geomagnetic
2018-08-21,08:03,3,G2,10,Low,Geomagnetic
2015-12-07,11:22,1,G1,3,Low,Geomagnetic
2021-02-25,13:48,0,G1,8,Low,Geomagnetic
2023-04-10,09:31,2,G3,13,Low,Geomagnetic
2023-06-05,01:48,6,G4,1,High,Geomagnetic
2016-05-31,02:20,0,G2,15,Low,Geomagnetic
2024-08-21,14:50,6,G2,1,High,Geomagnetic
2016-02-19,06:15,8,G3,6,High,Geomagnetic
2020-01-12,04:16,1,G2,11,Low,Geomagnetic
2022-06-07,15:14,1,G3,11,Low,Geomagnetic
2022-12-28,20:33,6,G2,4,High,Geomagnetic
2020-11-16,04:49,1,G2,4,Low,Geomagnetic
2017-03-31,07:48,1,G3,2,Low,Geomagnetic
2024-06-01,17:56,5,G4,11,Medium,Geomagnetic
2020-10-08,03:19,4,G5,3,Medium,Geomagnetic
2020-08-12,18:34,8,G2,17,High,Geomagnetic
2024-12-23,03:31,6,G4,19,High,Geomagnetic
2015-05-12,06:54,1,G4,6,Low,Geomagnetic
2015-01-23,19:14,6,G3,2,High,Geomagnetic
2015-05-06,14:37,1,G5,19,Low,Geomagnetic
2021-05-17,04:22,7,G5,2,High,Geomagnetic
2016-04-22,04:14,8,G3,10,High,Geomagnetic
2021-10-01,17:24,6,G4,16,High,Geomagnetic
2018-12-26,10:46,7,G2,2,High,Geomagnetic
2016-09-23,22:06,3,G1,13,Low,Geomagnetic
2023-07-22,12:42,4,G5,20,Medium,Geomagnetic
2017-02-21,22:06,4,G4,15,Medium,Geomagnetic
2015-07-18,15:12,6,G2,1,High,Geomagnetic
2023-10-09,07:57,0,G4,2,Low,Geomagnetic
2017-09-22,09:39,2,G3,2,Low,Geomagnetic
2015-03-01,13:43,1,G2,18,Low,Geomagnetic
2020-08-26,15:38,8,G1,16,High,Geomagnetic
2019-12-01,08:18,8,G4,2,High,Geomagnetic
2023-01-13,16:51,4,G4,23,Medium,Geomagnetic
2021-02-25,13:54,1,G1,16,Low,Geomagnetic
2015-02-01,10:01,4,G1,22,Medium,Geomagnetic
2022-06-10,13:07,7,G3,10,High,Geomagnetic
2019-07-30,15:57,4,G5,18,Medium,Geomagnetic
2021-10-23,09:00,6,G4,18,High,Geomagnetic
2020-04-03,22:15,0,G3,1,Low,Geomagnetic
2017-10-05,13:57,3,G3,15,Low,Geomagnetic
2017-04-15,15:43,8,G3,20,High,Geomagnetic
2016-06-15,21:00,6,G1,21,High,Geomagnetic
2021-10-28,08:55,2,G3,20,Low,Geomagnetic
2022-01-04,15:03,4,G2,10,Medium,Geomagnetic
2024-06-18,10:22,6,G4,17,High,Geomagnetic
2022-06-19,14:14,1,G2,19,Low,Geomagnetic
2017-04-25,16:21,8,G4,5,High,Geomagnetic
2022-07-23,20:48,0,G1,6,Low,Geomagnetic
2016-05-01,07:04,4,G5,2,Medium,Geomagnetic
2024-05-25,04:39,2,G2,10,Low,Geomagnetic
2015-05-15,11:31,7,G2,20,High,Geomagnetic
2024-11-25,16:39,8,G1,16,High,Geomagnetic
2023-09-23,08:56,4,G3,13,Medium,Geomagnetic
2023-05-04,17:06,4,G2,19,Medium,Geomagnetic
2016-07-23,19:50,8,G3,5,High,Geomagnetic
2015-04-04,02:27,6,G4,15,High,Geomagnetic
2018-01-25,15:04,0,G5,22,Low,Geomagnetic
2018-05-02,18:31,8,G3,8,High,Geomagnetic
2021-11-26,18:12,6,G1,13,High,Geomagnetic
2015-06-17,19:00,8,G4,22,High,Geomagnetic
2017-01-26,10:55,0,G2,20,Low,Geomagnetic
2015-05-20,21:42,2,G4,4,Low,Geomagnetic
2020-05-10,03:25,4,G4,16,Medium,Geomagnetic
2020-05-08,20:10,1,G3,2,Low,Geomagnetic
2023-10-15,06:27,0,G5,18,Low,Geomagnetic
2018-03-26,06:10,1,G3,7,Low,Geomagnetic
2019-08-31,10:08,3,G1,16,Low,Geomagnetic
2015-01-29,13:21,5,G3,2,Medium,Geomagnetic
2019-11-12,21:38,6,G2,8,High,Geomagnetic
2016-09-14,03:54,7,G4,17,High,Geomagnetic
2018-05-20,02:36,0,G4,22,Low,Geomagnetic
2021-06-15,08:33,1,G1,9,Low,Geomagnetic
2020-10-04,02:17,2,G2,20,Low,Geomagnetic
2017-07-02,05:58,7,G4,20,High,Geomagnetic
2024-04-28,07:18,3,G1,5,Low,Geomagnetic
2022-01-21,05:35,4,G5,13,Medium,Geomagnetic
2020-04-06,09:07,4,G2,3,Medium,Geomagnetic
2019-02-09,03:15,1,G4,3,Low,Geomagnetic
2023-08-26,21:53,1,G1,8,Low,Geomagnetic
2020-03-23,06:09,0,G3,1,Low,Geomagnetic
2021-10-01,17:40,4,G3,2,Medium,Geomagnetic
2019-03-06,10:04,1,G3,7,Low,Geomagnetic
2018-01-25,02:14,8,G3,4,High,Geomagnetic
2022-03-30,18:46,3,G1,2,Low,Geomagnetic
2020-04-01,12:14,3,G1,6,Low,Geomagnetic
2021-10-11,17:27,0,G5,11,Low,Geomagnetic
2016-04-09,14:03,0,G1,2,Low,Geomagnetic
2023-01-31,07:35,7,G5,21,High,Geomagnetic
2021-09-27,03:35,6,G2,22,High,Geomagnetic
2023-09-27,13:14,1,G4,9,Low,Geomagnetic
2016-05-15,04:01,6,G5,11,High,Geomagnetic
2020-10-06,14:37,0,G4,20,Low,Geomagnetic
2018-12-21,21:33,7,G1,5,High,Geomagnetic
2016-03-19,15:51,4,G1,7,Medium,Geomagnetic
2015-12-03,20:28,0,G1,11,Low,Geomagnetic
2016-07-11,07:05,8,G3,19,High,Geomagnetic
2018-07-04,11:41,2,G4,21,Low,Geomagnetic
2023-10-09,06:35,5,G3,23,Medium,Geomagnetic
2024-06-04,19:12,5,G2,9,Medium,Geomagnetic
2016-10-17,08:37,2,G5,4,Low,Geomagnetic
2017-02-02,07:31,4,G1,17,Medium,Geomagnetic
2017-08-10,20:47,1,G5,16,Low,Geomagnetic
2024-07-07,01:17,6,G3,19,High,Geomagnetic
2018-06-08,12:17,1,G1,11,Low,Geomagnetic
2017-10-15,12:20,3,G5,19,Low,Geomagnetic
2021-03-02,13:14,5,G4,18,Medium,Geomagnetic
2021-10-24,12:09,1,G3,10,Low,Geomagnetic
2020-07-20,12:00,2,G2,2,Low,Geomagnetic
2020-01-04,04:29,7,G1,20,High,Geomagnetic
2021-11-03,07:49,1,G5,21,Low,Geomagnetic
2023-07-04,03:31,5,G3,2,Medium,Geomagnetic
2018-06-11,04:13,8,G5,23,High,Geomagnetic
2022-04-27,16:43,7,G1,6,High,Geomagnetic
2023-02-17,10:59,1,G2,21,Low,Geomagnetic
2020-05-08,20:20,1,G5,7,Low,Geomagnetic
2019-06-16,12:12,2,G2,5,Low,Geomagnetic
2024-03-26,03:56,0,G4,23,Low,Geomagnetic
2024-08-21,21:24,2,G3,22,Low,Geomagnetic
2022-09-11,14:48,6,G1,15,High,Geomagnetic
2016-07-24,14:10,5,G5,11,Medium,Geomagnetic
2019-11-09,10:06,1,G5,2,Low,Geomagnetic
2018-06-28,07:52,6,G1,11,High,Geomagnetic
2021-08-21,13:19,4,G5,23,Medium,Geomagnetic
2017-10-19,04:02,6,G3,17,High,Geomagnetic
2021-06-01,13:16,1,G2,6,Low,Geomagnetic
2017-09-16,23:45,2,G2,9,Low,Geomagnetic
2023-06-23,20:35,1,G4,4,Low,Geomagnetic
2024-01-12,08:26,1,G4,19,Low,Geomagnetic
2022-07-05,09:26,7,G1,10,High,Geomagnetic
2018-08-06,03:23,0,G5,22,Low,Geomagnetic
2016-09-21,05:55,2,G1,22,Low,Geomagnetic
2017-04-23,21:08,2,G1,19,Low,Geomagnetic
2022-07-25,11:34,2,G1,14,Low,Geomagnetic
2023-06-15,17:12,6,G2,10,High,Geomagnetic
2023-12-13,06:09,4,G3,10,Medium,Geomagnetic
2017-04-03,16:36,2,G3,19,Low,Geomagnetic
2023-10-25,20:27,2,G5,10,Low,Geomagnetic
2021-03-30,13:06,8,G1,14,High,Geomagnetic
2021-03-18,20:10,3,G1,23,Low,Geomagnetic
2022-08-03,17:25,0,G2,8,Low,Geomagnetic
2020-02-24,08:01,8,G1,18,High,Geomagnetic
2022-12-28,23:00,0,G5,3,Low,Geomagnetic
2018-04-29,22:43,2,G5,10,Low,Geomagnetic
2016-09-05,04:16,8,G4,19,High,Geomagnetic
2016-10-20,17:45,6,G4,3,High,Geomagnetic
2023-01-05,05:07,4,G3,13,Medium,Geomagnetic
2020-08-15,17:02,2,G5,7,Low,Geomagnetic
2019-11-09,15:27,2,G5,19,Low,Geomagnetic
2015-04-11,01:10,5,G1,14,Medium,Geomagnetic
2020-07-16,19:48,8,G1,23,High,Geomagnetic
2023-08-18,17:02,4,G2,13,Medium,Geomagnetic
2024-05-10,17:57,8,G4,15,High,Geomagnetic
2020-02-27,20:34,6,G4,4,High,Geomagnetic
2015-02-09,17:02,7,G2,20,High,Geomagnetic
2019-12-27,09:41,5,G4,18,Medium,Geomagnetic
2019-02-28,09:02,5,G1,17,Medium,Geomagnetic
2023-09-06,12:22,4,G3,6,Medium,Geomagnetic
2015-03-29,22:18,7,G5,5,High,Geomagnetic
2022-02-21,13:52,5,G5,1,Medium,Geomagnetic
2022-12-07,08:52,8,G5,8,High,Geomagnetic
2016-10-18,05:59,6,G1,6,High,Geomagnetic
2016-01-19,01:22,8,G3,2,High,Geomagnetic
2015-12-13,05:12,5,G5,9,Medium,Geomagnetic
2023-03-23,17:30,1,G4,13,Low,Geomagnetic
2024-02-01,15:40,1,G3,3,Low,Geomagnetic
2016-01-16,01:40,0,G5,21,Low,Geomagnetic
2020-04-15,22:35,7,G5,15,High,Geomagnetic
2024-11-11,14:16,5,G5,6,Medium,Geomagnetic
2022-12-17,09:15,6,G4,14,High,Geomagnetic
2024-02-21,13:20,3,G4,20,Low,Geomagnetic
2016-01-07,16:35,5,G4,21,Medium,Geomagnetic
2020-04-05,23:58,6,G3,13,High,Geomagnetic
2024-09-02,23:09,8,G3,12,High,Geomagnetic
2019-07-13,23:01,4,G3,8,Medium,Geomagnetic
2015-11-12,17:51,5,G4,21,Medium,Geomagnetic
2015-07-18,12:07,3,G1,14,Low,Geomagnetic
2019-06-18,05:51,8,G2,1,High,Geomagnetic
2023-12-14,02:28,5,G4,7,Medium,Geomagnetic
2019-11-14,01:17,8,G5,21,High,Geomagnetic
2024-02-20,21:19,4,G5,11,Medium,Geomagnetic
2018-12-10,16:13,4,G2,16,Medium,Geomagnetic
2024-10-07,02:04,1,G3,19,Low,Geomagnetic
2024-09-03,16:34,7,G4,9,High,Geomagnetic
2016-04-23,18:40,0,G1,21,Low,Geomagnetic
2023-10-15,00:33,8,G3,2,High,Geomagnetic
2021-01-04,23:04,7,G1,11,High,Geomagnetic
2024-12-23,01:53,8,G1,11,High,Geomagnetic
2024-10-16,00:03,3,G2,2,Low,Geomagnetic
2021-11-06,17:03,3,G5,4,Low,Geomagnetic
2023-02-02,13:37,3,G4,10,Low,Geomagnetic
2024-12-19,00:00,2,G5,15,Low,Geomagnetic
2024-08-08,08:03,1,G2,4,Low,Geomagnetic
2019-03-15,16:26,7,G5,22,High,Geomagnetic
2019-05-10,16:07,1,G2,9,Low,Geomagnetic
2023-12-19,21:59,7,G4,21,High,Geomagnetic
2022-09-28,21:37,5,G1,12,Medium,Geomagnetic
2020-05-16,17:17,2,G2,1,Low,Geomagnetic
2017-01-08,09:14,5,G2,12,Medium,Geomagnetic
2018-08-16,03:57,8,G1,11,High,Geomagnetic
2022-04-02,03:21,2,G5,5,Low,Geomagnetic
2017-10-05,17:16,8,G5,20,High,Geomagnetic
2019-08-25,16:55,7,G1,22,High,Geomagnetic
2015-06-24,00:35,6,G2,14,High,Geomagnetic
2022-05-27,11:04,6,G1,8,High,Geomagnetic
2019-09-06,01:01,0,G5,4,Low,Geomagnetic
2017-07-07,02:15,3,G2,16,Low,Geomagnetic
2018-11-10,13:19,2,G2,15,Low,Geomagnetic
2017-07-09,21:05,1,G5,15,Low,Geomagnetic
2023-03-03,17:46,7,G5,3,High,Geomagnetic
2016-07-15,07:15,3,G3,2,Low,Geomagnetic
2023-09-10,11:30,1,G4,3,Low,Geomagnetic
2015-10-22,08:12,3,G3,5,Low,Geomagnetic
2020-10-21,21:57,7,G1,8,High,Geomagnetic
2020-11-11,17:21,1,G2,9,Low,Geomagnetic
2022-05-31,02:02,3,G4,11,Low,Geomagnetic
2023-07-09,15:03,2,G1,20,Low,Geomagnetic
2020-06-10,05:50,6,G3,7,High,Geomagnetic
2022-04-22,22:25,2,G5,5,Low,Geomagnetic
2018-12-18,00:09,1,G5,15,Low,Geomagnetic
2016-10-28,14:51,3,G4,9,Low,Geomagnetic
2015-10-01,17:10,2,G3,21,Low,Geomagnetic
2023-05-20,09:58,2,G4,11,Low,Geomagnetic
2017-06-21,23:46,7,G1,10,High,Geomagnetic
2018-02-23,19:16,3,G1,18,Low,Geomagnetic
2022-01-21,05:12,2,G1,10,Low,Geomagnetic
2016-06-21,09:17,4,G5,15,Medium,Geomagnetic
2019-07-31,12:06,5,G5,5,Medium,Geomagnetic
2017-10-13,13:56,8,G1,18,High,Geomagnetic
2024-03-15,10:47,6,G3,1,High,Geomagnetic
2015-04-18,05:13,5,G4,2,Medium,Geomagnetic
2020-09-27,23:46,7,G4,9,High,Geomagnetic
2023-10-06,01:00,5,G5,1,Medium,Geomagnetic
2023-08-21,10:59,6,G3,2,High,Geomagnetic
2024-01-05,11:52,4,G1,8,Medium,Geomagnetic
2024-06-20,00:28,0,G5,19,Low,Geomagnetic
2015-09-28,10:22,3,G2,19,Low,Geomagnetic
2017-03-09,14:05,8,G4,19,High,Geomagnetic
2022-04-20,22:11,3,G1,9,Low,Geomagnetic
2024-07-08,18:37,4,G2,14,Medium,Geomagnetic
2019-10-16,18:48,3,G5,12,Low,Geomagnetic
2019-10-22,13:54,2,G2,20,Low,Geomagnetic
2020-02-13,18:50,5,G1,10,Medium,Geomagnetic
2017-01-20,04:18,1,G5,16,Low,Geomagnetic
2015-06-24,16:00,3,G1,17,Low,Geomagnetic
2019-01-15,09:57,3,G3,7,Low,Geomagnetic
2019-04-27,22:25,3,G1,13,Low,Geomagnetic
2020-04-01,09:45,6,G3,3,High,Geomagnetic
2019-05-16,00:24,8,G4,5,High,Geomagnetic
2024-12-12,02:21,5,G1,1,Medium,Geomagnetic
2015-08-31,14:41,5,G1,14,Medium,Geomagnetic
2022-03-03,10:47,3,G3,22,Low,Geomagnetic
2015-10-18,20:46,8,G3,19,High,Geomagnetic
2020-02-10,14:35,5,G4,13,Medium,Geomagnetic
2024-08-15,14:17,4,G2,13,Medium,Geomagnetic
2019-12-13,15:49,5,G2,19,Medium,Geomagnetic
2016-02-12,12:18,7,G2,19,High,Geomagnetic
2020-08-10,12:54,3,G5,10,Low,Geomagnetic
2020-07-25,10:43,8,G1,12,High,Geomagnetic
2018-11-28,01:01,7,G5,22,High,Geomagnetic
2016-07-09,23:36,7,G3,9,High,Geomagnetic
2019-11-19,09:00,2,G1,19,Low,Geomagnetic
2021-05-20,13:29,8,G2,21,High,Geomagnetic
2016-04-10,06:01,0,G2,18,Low,Geomagnetic
2024-03-14,10:52,7,G4,16,High,Geomagnetic
2017-08-12,05:35,7,G2,9,High,Geomagnetic
2023-03-14,17:49,7,G5,5,High,Geomagnetic
2018-09-01,08:03,0,G2,6,Low,Geomagnetic
2016-01-04,06:49,2,G3,21,Low,Geomagnetic
2016-04-07,06:18,4,G4,4,Medium,Geomagnetic
2020-10-15,22:49,5,G2,3,Medium,Geomagnetic
2015-03-24,13:35,2,G3,22,Low,Geomagnetic
2016-01-07,12:17,5,G4,20,Medium,Geomagnetic
2020-02-02,07:47,8,G5,6,High,Geomagnetic
2023-10-13,08:49,2,G2,4,Low,Geomagnetic
2021-03-17,13:59,2,G5,20,Low,Geomagnetic
2018-02-03,01:42,0,G4,7,Low,Geomagnetic
2017-02-23,18:56,5,G2,18,Medium,Geomagnetic
2017-07-15,16:35,1,G3,15,Low,Geomagnetic
2016-12-12,13:17,0,G5,14,Low,Geomagnetic
2019-08-28,06:10,3,G5,7,Low,Geomagnetic
2023-05-30,08:26,1,G4,3,Low,Geomagnetic
2022-01-27,13:11,5,G3,13,Medium,Geomagnetic
2017-02-16,11:40,6,G2,5,High,Geomagnetic
2022-03-03,09:04,2,G5,20,Low,Geomagnetic
2016-09-28,11:58,0,G3,2,Low,Geomagnetic
2023-07-02,15:36,2,G2,8,Low,Geomagnetic
2024-03-24,07:48,2,G4,21,Low,Geomagnetic
2015-12-22,07:06,0,G5,7,Low,Geomagnetic
2022-11-05,09:56,1,G2,19,Low,Geomagnetic
2021-12-12,10:56,7,G1,2,High,Geomagnetic
2022-05-15,11:14,6,G1,23,High,Geomagnetic
2016-07-16,21:10,7,G5,5,High,Geomagnetic
2021-09-02,14:42,5,G3,2,Medium,Geomagnetic
2024-05-24,06:16,3,G3,2,Low,Geomagnetic
2015-12-21,07:06,2,G1,16,Low,Geomagnetic
2020-03-28,02:32,1,G4,9,Low,Geomagnetic
2022-09-02,21:42,4,G2,11,Medium,Geomagnetic
2023-11-10,07:44,7,G4,12,High,Geomagnetic
2019-09-16,08:33,6,G3,7,High,Geomagnetic
2023-07-28,09:46,4,G2,17,Medium,Geomagnetic
2021-09-05,15:33,8,G3,11,High,Geomagnetic
2022-06-27,21:18,4,G1,6,Medium,Geomagnetic
2018-03-23,15:35,8,G1,5,High,Geomagnetic
2021-05-20,18:43,2,G2,11,Low,Geomagnetic
2016-09-05,05:43,5,G3,6,Medium,Geomagnetic
2017-09-23,10:42,2,G1,10,Low,Geomagnetic
2017-12-13,17:19,5,G4,6,Medium,Geomagnetic
2017-10-18,20:28,8,G2,23,High,Geomagnetic
2016-06-18,12:08,7,G2,15,High,Geomagnetic
2024-03-23,04:33,0,G1,13,Low,Geomagnetic
2019-02-01,02:42,1,G5,18,Low,Geomagnetic
2021-08-15,15:22,4,G2,21,Medium,Geomagnetic
2021-06-26,06:36,0,G2,19,Low,Geomagnetic
2017-10-21,22:51,1,G5,19,Low,Geomagnetic
2024-07-02,09:32,2,G4,18,Low,Geomagnetic
2020-01-01,07:50,7,G2,17,High,Geomagnetic
2024-09-08,10:38,7,G5,4,High,Geomagnetic
2017-01-27,14:49,8,G1,5,High,Geomagnetic
2017-11-05,22:31,4,G1,6,Medium,Geomagnetic
2024-02-20,18:18,2,G2,3,Low,Geomagnetic
2024-09-21,15:14,0,G2,6,Low,Geomagnetic
2018-12-28,13:23,6,G3,11,High,Geomagnetic
2023-01-15,05:03,7,G2,22,High,Geomagnetic
2017-02-03,19:21,1,G4,7,Low,Geomagnetic
2023-02-19,11:28,7,G1,4,High,Geomagnetic
2016-01-15,06:17,4,G2,15,Medium,Geomagnetic
2017-01-28,18:19,1,G4,12,Low,Geomagnetic
2018-09-16,23:44,5,G2,15,Medium,Geomagnetic
2022-12-30,01:21,7,G1,2,High,Geomagnetic
2015-02-03,05:30,8,G4,8,High,Geomagnetic
2018-09-02,20:59,4,G3,8,Medium,Geomagnetic
2018-01-03,04:32,2,G5,19,Low,Geomagnetic
2015-12-26,17:10,7,G3,9,High,Geomagnetic
2024-04-14,15:17,1,G4,4,Low,Geomagnetic
2022-04-01,06:26,7,G2,10,High,Geomagnetic
2019-04-07,08:41,3,G1,5,Low,Geomagnetic
2019-06-20,07:47,4,G4,18,Medium,Geomagnetic
2021-04-29,13:19,6,G2,16,High,Geomagnetic
2020-11-19,08:57,7,G5,15,High,Geomagnetic
2018-02-26,03:23,1,G3,16,Low,Geomagnetic
2022-11-30,07:41,1,G4,7,Low,Geomagnetic
2022-05-10,11:51,1,G1,15,Low,Geomagnetic
2022-02-20,17:12,2,G3,10,Low,Geomagnetic
2022-05-11,06:36,7,G2,14,High,Geomagnetic
2021-03-05,08:27,7,G4,2,High,Geomagnetic
2019-01-31,21:57,4,G5,9,Medium,Geomagnetic
2019-08-30,07:58,0,G3,6,Low,Geomagnetic
2020-12-28,01:17,2,G3,12,Low,Geomagnetic
2021-06-24,08:09,3,G4,16,Low,Geomagnetic
2024-04-22,22:52,1,G3,2,Low,Geomagnetic
2015-01-10,06:37,2,G5,22,Low,Geomagnetic
2016-04-05,13:36,2,G5,20,Low,Geomagnetic
2016-12-14,15:17,3,G1,22,Low,Geomagnetic
2021-12-29,05:44,8,G1,19,High,Geomagnetic
2022-03-10,17:47,1,G4,21,Low,Geomagnetic
2017-05-29,02:58,3,G2,6,Low,Geomagnetic
2015-04-29,00:27,4,G3,19,Medium,Geomagnetic
2021-11-16,23:19,2,G5,19,Low,Geomagnetic
2023-10-26,13:30,8,G5,21,High,Geomagnetic
2018-08-07,11:34,3,G4,16,Low,Geomagnetic
2020-05-12,07:58,1,G3,7,Low,Geomagnetic
2018-10-07,09:53,5,G5,11,Medium,Geomagnetic
2019-01-05,22:42,3,G3,21,Low,Geomagnetic
2023-12-02,19:44,2,G4,16,Low,Geomagnetic
2023-04-06,23:16,7,G1,5,High,Geomagnetic
2015-03-08,22:50,3,G2,19,Low,Geomagnetic
2021-04-29,22:55,2,G3,18,Low,Geomagnetic
2015-05-10,16:51,7,G5,18,High,Geomagnetic
2021-06-17,13:55,6,G3,16,High,Geomagnetic
2017-08-29,19:03,6,G4,4,High,Geomagnetic
2015-01-13,18:43,3,G2,14,Low,Geomagnetic
2019-05-04,13:29,7,G1,21,High,Geomagnetic
2016-10-23,06:52,1,G3,13,Low,Geomagnetic
2017-10-21,07:20,2,G5,5,Low,Geomagnetic
2017-08-20,21:50,5,G1,12,Medium,Geomagnetic
2024-02-23,12:56,1,G1,10,Low,Geomagnetic
2015-08-14,17:23,5,G3,1,Medium,Geomagnetic
2019-07-30,09:17,1,G4,9,Low,Geomagnetic
2018-07-20,19:29,1,G4,18,Low,Geomagnetic
2022-09-17,02:55,3,G4,16,Low,Geomagnetic
2015-07-04,20:27,6,G3,12,High,Geomagnetic
2017-01-01,05:06,8,G5,13,High,Geomagnetic
2017-03-25,16:10,3,G3,20,Low,Geomagnetic
2018-06-20,23:19,3,G5,17,Low,Geomagnetic
2019-02-08,02:13,3,G3,10,Low,Geomagnetic
2019-10-29,11:06,7,G3,13,High,Geomagnetic
2015-04-25,16:58,8,G3,22,High,Geomagnetic
2018-12-31,06:25,5,G3,10,Medium,Geomagnetic
2020-09-26,19:20,6,G1,17,High,Geomagnetic
2024-03-02,07:33,3,G3,2,Low,Geomagnetic
2021-12-01,09:46,8,G1,21,High,Geomagnetic
2015-05-10,11:26,1,G5,4,Low,Geomagnetic
2018-09-21,11:33,1,G2,9,Low,Geomagnetic
2016-08-24,13:58,4,G3,19,Medium,Geomagnetic
2023-05-02,06:44,5,G2,22,Medium,Geomagnetic
2023-03-26,22:04,6,G1,9,High,Geomagnetic
2019-12-29,07:20,3,G4,10,Low,Geomagnetic
2020-12-09,20:36,8,G1,1,High,Geomagnetic
2024-04-09,11:54,4,G4,8,Medium,Geomagnetic
2016-07-06,23:01,5,G1,16,Medium,Geomagnetic
2021-01-13,18:37,0,G2,6,Low,Geomagnetic
2018-11-29,10:49,0,G1,11,Low,Geomagnetic
2020-05-05,02:22,3,G5,11,Low,Geomagnetic
2015-07-29,01:26,0,G5,7,Low,Geomagnetic
2016-09-03,02:32,2,G2,21,Low,Geomagnetic
2023-08-10,13:38,4,G5,3,Medium,Geomagnetic
2024-07-10,16:42,7,G1,4,High,Geomagnetic
2017-09-12,05:13,3,G3,18,Low,Geomagnetic
2020-01-31,01:28,0,G1,12,Low,Geomagnetic
2018-10-18,12:13,8,G5,10,High,Geomagnetic
2021-07-10,07:27,1,G3,11,Low,Geomagnetic
2022-10-28,07:29,2,G2,20,Low,Geomagnetic
2018-02-07,08:12,4,G4,18,Medium,Geomagnetic
2020-07-30,22:20,4,G3,14,Medium,Geomagnetic
2017-01-13,06:49,6,G4,13,High,Geomagnetic
2017-07-20,17:24,3,G3,20,Low,Geomagnetic
2020-06-05,22:32,0,G1,3,Low,Geomagnetic
2016-05-09,19:28,6,G3,19,High,Geomagnetic
2017-05-25,18:20,1,G4,16,Low,Geomagnetic
2018-07-19,21:25,5,G2,5,Medium,Geomagnetic
2015-03-01,13:56,4,G2,20,Medium,Geomagnetic
2020-07-17,13:01,5,G1,13,Medium,Geomagnetic
2017-10-19,17:01,0,G1,17,Low,Geomagnetic
2021-06-16,10:20,1,G4,22,Low,Geomagnetic
2022-02-12,06:53,3,G3,3,Low,Geomagnetic
2019-12-05,07:26,7,G5,17,High,Geomagnetic
2020-06-22,12:42,2,G1,4,Low,Geomagnetic
2019-04-25,19:44,8,G4,9,High,Geomagnetic
2018-09-27,22:47,1,G3,1,Low,Geomagnetic
2020-11-30,09:56,4,G3,22,Medium,Geomagnetic
2022-06-21,12:56,6,G5,21,High,Geomagnetic
2020-10-05,17:14,1,G2,17,Low,Geomagnetic
2021-03-23,14:20,0,G4,19,Low,Geomagnetic
2023-09-01,08:44,3,G2,1,Low,Geomagnetic
2024-03-07,15:37,6,G3,3,High,Geomagnetic
2024-11-08,16:03,1,G4,12,Low,Geomagnetic
2018-07-24,10:43,7,G2,8,High,Geomagnetic
2018-10-12,08:51,5,G5,8,Medium,Geomagnetic
2022-08-09,01:00,5,G4,8,Medium,Geomagnetic
2023-01-04,18:06,6,G4,23,High,Geomagnetic
2023-09-08,08:59,1,G2,1,Low,Geomagnetic
2022-04-12,06:17,8,G1,3,High,Geomagnetic
2015-05-28,15:07,2,G2,14,Low,Geomagnetic
2017-06-15,19:47,3,G5,8,Low,Geomagnetic
2015-06-18,21:06,0,G2,1,Low,Geomagnetic
2021-07-04,19:55,0,G5,6,Low,Geomagnetic
2018-12-02,11:19,1,G2,8,Low,Geomagnetic
2020-03-16,03:21,6,G3,16,High,Geomagnetic
2018-01-13,15:42,3,G3,7,Low,Geomagnetic
2022-05-18,19:26,6,G5,5,High,Geomagnetic
2024-07-23,05:50,0,G1,8,Low,Geomagnetic
2022-12-22,07:52,7,G3,19,High,Geomagnetic
2016-12-09,21:21,6,G4,4,High,Geomagnetic
2020-03-16,07:36,3,G2,6,Low,Geomagnetic
2016-09-26,12:00,8,G2,13,High,Geomagnetic
2021-02-09,11:17,7,G2,17,High,Geomagnetic
2024-11-17,00:47,3,G3,12,Low,Geomagnetic
2018-06-28,10:34,3,G2,16,Low,Geomagnetic
2021-01-03,06:30,4,G2,15,Medium,Geomagnetic
2020-05-30,07:03,5,G1,2,Medium,Geomagnetic
2017-09-23,18:55,2,G4,9,Low,Geomagnetic
2020-09-10,03:18,2,G3,5,Low,Geomagnetic
2021-01-05,18:42,3,G5,14,Low,Geomagnetic
2022-08-24,01:30,4,G4,16,Medium,Geomagnetic
2021-08-09,11:47,0,G2,11,Low,Geomagnetic
2023-09-12,16:17,5,G3,19,Medium,Geomagnetic
2016-07-06,17:33,8,G4,4,High,Geomagnetic
2015-07-07,02:47,2,G4,6,Low,Geomagnetic
2023-11-18,01:54,6,G2,20,High,Geomagnetic
2016-05-26,08:20,0,G3,10,Low,Geomagnetic
2018-04-17,05:29,5,G3,20,Medium,Geomagnetic
2021-08-16,20:12,7,G4,23,High,Geomagnetic
2015-12-15,03:04,7,G5,11,High,Geomagnetic
2019-01-05,01:03,6,G4,17,High,Geomagnetic
2020-07-10,03:44,7,G4,15,High,Geomagnetic
2024-10-27,03:18,4,G1,13,Medium,Geomagnetic
2021-10-28,15:30,1,G1,7,Low,Geomagnetic
2020-09-28,20:47,4,G4,21,Medium,Geomagnetic
2021-08-16,08:26,5,G1,10,Medium,Geomagnetic
2020-02-22,18:36,8,G1,7,High,Geomagnetic
2024-11-23,07:42,2,G1,18,Low,Geomagnetic
2023-03-20,20:04,6,G2,14,High,Geomagnetic
2017-10-31,13:41,3,G3,4,Low,Geomagnetic
2018-06-01,05:07,6,G3,6,High,Geomagnetic
2017-11-16,18:54,0,G4,18,Low,Geomagnetic
2018-11-27,14:47,2,G2,20,Low,Geomagnetic
2016-01-02,01:21,3,G3,4,Low,Geomagnetic
2020-06-19,21:46,2,G4,18,Low,Geomagnetic
2021-05-08,19:21,5,G5,13,Medium,Geomagnetic
2020-08-04,10:41,8,G1,11,High,Geomagnetic
2018-05-18,05:32,1,G3,3,Low,Geomagnetic
2024-05-28,14:21,5,G5,13,Medium,Geomagnetic
2023-07-12,01:39,4,G5,12,Medium,Geomagnetic
2021-01-20,09:58,1,G2,14,Low,Geomagnetic
2016-01-12,20:02,4,G4,22,Medium,Geomagnetic
2022-02-22,05:55,7,G3,4,High,Geomagnetic
2023-05-27,15:25,6,G5,8,High,Geomagnetic
2016-03-20,17:13,8,G5,11,High,Geomagnetic
2023-12-13,20:15,4,G1,9,Medium,Geomagnetic
2016-01-23,03:59,8,G2,22,High,Geomagnetic
2016-04-02,02:28,5,G1,18,Medium,Geomagnetic
2024-09-13,22:33,2,G1,4,Low,Geomagnetic
2022-12-16,15:32,5,G3,6,Medium,Geomagnetic
2021-04-08,23:26,2,G1,22,Low,Geomagnetic
2021-03-30,10:37,5,G3,17,Medium,Geomagnetic
2022-03-18,03:29,3,G3,13,Low,Geomagnetic
2017-02-28,21:04,6,G5,5,High,Geomagnetic
2022-08-29,16:28,7,G4,11,High,Geomagnetic
2020-03-29,04:05,1,G5,17,Low,Geomagnetic
2021-09-01,11:44,1,G5,17,Low,Geomagnetic
2015-03-13,21:04,1,G3,19,Low,Geomagnetic
2022-10-11,11:59,4,G5,23,Medium,Geomagnetic
2022-08-05,19:51,3,G2,15,Low,Geomagnetic
2017-04-13,00:00,8,G2,13,High,Geomagnetic
2018-06-21,13:50,5,G2,9,Medium,Geomagnetic
2017-04-23,08:21,8,G2,21,High,Geomagnetic
2019-06-26,02:14,6,G5,5,High,Geomagnetic
2023-12-11,12:16,8,G5,6,High,Geomagnetic
2018-03-15,13:44,7,G1,16,High,Geomagnetic
2015-10-11,01:36,5,G2,18,Medium,Geomagnetic
2022-07-07,12:08,6,G1,3,High,Geomagnetic
2016-10-29,10:22,0,G5,6,Low,Geomagnetic
2024-09-06,00:10,8,G2,14,High,Geomagnetic
2024-03-09,22:13,2,G2,7,Low,Geomagnetic
2022-05-31,05:39,3,G2,20,Low,Geomagnetic
2017-09-19,10:42,1,G1,15,Low,Geomagnetic
2019-04-16,07:25,3,G3,18,Low,Geomagnetic
2018-09-08,23:24,5,G1,9,Medium,Geomagnetic
2016-08-15,23:02,1,G5,11,Low,Geomagnetic
2024-03-22,05:30,0,G3,21,Low,Geomagnetic
2015-12-20,04:48,1,G5,18,Low,Geomagnetic
2023-06-26,00:40,7,G2,10,High,Geomagnetic
2019-12-08,18:03,7,G2,14,High,Geomagnetic
2017-01-08,06:25,7,G4,5,High,Geomagnetic
2017-04-22,19:12,8,G4,4,High,Geomagnetic
2021-03-03,21:25,1,G1,12,Low,Geomagnetic
2019-12-27,20:32,7,G3,18,High,Geomagnetic
2017-07-28,03:32,6,G2,7,High,Geomagnetic
2016-05-23,23:34,7,G5,11,High,Geomagnetic
2018-08-03,11:52,2,G2,4,Low,Geomagnetic
2018-07-21,09:00,3,G2,6,Low,Geomagnetic
2021-02-21,02:59,4,G1,22,Medium,Geomagnetic
2024-01-04,13:30,4,G1,17,Medium,Geomagnetic
2019-01-28,01:32,6,G3,14,High,Geomagnetic
2024-06-30,17:32,4,G3,2,Medium,Geomagnetic
2016-04-07,23:51,8,G3,10,High,Geomagnetic
2017-02-22,16:05,0,G2,15,Low,Geomagnetic
2023-03-19,20:07,4,G3,3,Medium,Geomagnetic
2024-09-15,17:21,8,G4,17,High,Geomagnetic
2016-05-03,07:27,6,G3,14,High,Geomagnetic
2022-03-30,10:05,7,G4,6,High,Geomagnetic
2024-11-23,04:36,3,G3,12,Low,Geomagnetic
2019-04-15,18:23,3,G3,7,Low,Geomagnetic
2020-08-26,06:21,6,G2,6,High,Geomagnetic
2024-10-05,20:56,6,G4,5,High,Geomagnetic
2021-12-09,02:03,6,G3,15,High,Geomagnetic
2018-03-10,15:35,8,G5,7,High,Geomagnetic
2024-02-29,14:09,3,G2,14,Low,Geomagnetic
2017-12-17,10:36,0,G2,18,Low,Geomagnetic
2019-09-21,05:15,0,G1,5,Low,Geomagnetic
2022-05-18,11:40,6,G2,4,High,Geomagnetic
2023-10-31,07:55,8,G1,4,High,Geomagnetic
2023-09-20,06:08,7,G5,18,High,Geomagnetic
2019-08-11,01:36,8,G2,2,High,Geomagnetic
2022-06-17,07:50,5,G1,21,Medium,Geomagnetic
2019-02-18,17:38,5,G1,1,Medium,Geomagnetic
2015-10-11,09:01,1,G2,22,Low,Geomagnetic
2023-06-25,16:05,3,G3,5,Low,Geomagnetic
2019-07-04,20:50,8,G4,4,High,Geomagnetic
2024-04-05,04:58,2,G2,14,Low,Geomagnetic
2015-04-01,09:08,4,G5,7,Medium,Geomagnetic
2021-10-11,05:10,6,G2,8,High,Geomagnetic
2019-02-13,20:40,7,G4,11,High,Geomagnetic
2023-10-24,04:42,6,G3,21,High,Geomagnetic
2016-03-16,19:48,4,G5,22,Medium,Geomagnetic
2024-08-13,13:53,8,G3,16,High,Geomagnetic
2015-03-09,15:28,3,G4,13,Low,Geomagnetic
2016-04-16,14:33,0,G5,9,Low,Geomagnetic
2018-06-08,16:42,2,G1,2,Low,Geomagnetic
2022-05-14,23:34,0,G2,10,Low,Geomagnetic
2015-08-04,06:18,7,G2,15,High,Geomagnetic
2016-06-14,17:25,3,G5,17,Low,Geomagnetic
2016-01-19,15:22,4,G1,10,Medium,Geomagnetic
2017-08-10,01:05,5,G1,16,Medium,Geomagnetic
2019-03-18,12:29,4,G5,14,Medium,Geomagnetic
2019-01-29,17:04,6,G3,20,High,Geomagnetic
2021-12-01,23:35,3,G4,21,Low,Geomagnetic
2018-10-17,03:10,8,G5,13,High,Geomagnetic
2016-12-15,00:03,1,G5,6,Low,Geomagnetic
2016-09-06,16:05,0,G5,8,Low,Geomagnetic
2018-07-02,19:06,4,G3,12,Medium,Geomagnetic
2016-01-31,05:20,8,G4,11,High,Geomagnetic
2018-05-23,14:49,2,G4,17,Low,Geomagnetic
2023-08-06,17:00,7,G1,4,High,Geomagnetic
2021-07-23,23:12,4,G2,18,Medium,Geomagnetic
2018-01-30,04:15,8,G2,20,High,Geomagnetic
2019-12-24,13:02,2,G1,2,Low,Geomagnetic
2015-03-13,18:31,0,G5,5,Low,Geomagnetic
2022-10-20,17:46,1,G3,17,Low,Geomagnetic
2017-06-30,02:22,6,G4,18,High,Geomagnetic
2024-12-12,12:08,3,G2,23,Low,Geomagnetic
2024-08-19,22:40,6,G2,5,High,Geomagnetic
2019-08-05,18:31,3,G1,5,Low,Geomagnetic
2021-09-17,00:43,2,G1,18,Low,Geomagnetic
2021-05-06,04:05,2,G1,15,Low,Geomagnetic
2022-02-17,06:53,0,G5,12,Low,Geomagnetic
2021-10-26,15:11,0,G3,6,Low,Geomagnetic
2020-01-07,02:33,7,G5,2,High,Geomagnetic
2016-03-09,14:55,1,G3,8,Low,Geomagnetic
2023-05-10,14:00,1,G4,5,Low,Geomagnetic
2022-01-01,22:45,3,G3,6,Low,Geomagnetic
2023-07-14,18:15,2,G4,20,Low,Geomagnetic
2017-02-05,22:19,0,G5,22,Low,Geomagnetic
2017-03-16,19:07,6,G1,5,High,Geomagnetic
2018-12-11,21:39,5,G3,5,Medium,Geomagnetic
2023-01-28,01:37,3,G2,1,Low,Geomagnetic
2024-02-11,03:37,7,G4,11,High,Geomagnetic
2015-10-31,17:01,7,G3,13,High,Geomagnetic
2021-06-14,14:46,2,G4,3,Low,Geomagnetic
2020-12-09,08:30,1,G3,8,Low,Geomagnetic
2015-10-26,10:47,1,G4,1,Low,Geomagnetic
2024-11-16,17:16,1,G5,15,Low,Geomagnetic
2022-05-19,23:57,3,G3,9,Low,Geomagnetic
2019-08-17,20:33,5,G4,22,Medium,Geomagnetic
2021-09-06,13:25,7,G3,15,High,Geomagnetic
2017-07-07,16:08,7,G3,17,High,Geomagnetic
2024-07-29,17:49,0,G5,3,Low,Geomagnetic
2018-03-18,16:32,1,G5,10,Low,Geomagnetic
2017-11-05,01:38,0,G4,17,Low,Geomagnetic
2016-04-10,20:27,2,G2,22,Low,Geomagnetic
2018-07-05,10:29,6,G2,22,High,Geomagnetic
2023-06-08,17:58,6,G2,6,High,Geomagnetic
2021-10-05,03:11,0,G2,3,Low,Geomagnetic
2021-10-13,04:59,6,G3,21,High,Geomagnetic
2020-03-18,06:33,5,G4,5,Medium,Geomagnetic
2018-03-08,12:52,8,G2,16,High,Geomagnetic
2020-10-24,16:58,6,G1,10,High,Geomagnetic
2023-09-30,07:41,6,G4,5,High,Geomagnetic
2023-08-30,19:20,3,G5,7,Low,Geomagnetic
2015-07-10,07:26,2,G4,4,Low,Geomagnetic
2021-09-04,06:01,5,G1,16,Medium,Geomagnetic
2020-03-10,04:05,5,G5,5,Medium,Geomagnetic
2017-08-10,16:10,0,G3,19,Low,Geomagnetic
2019-02-14,15:11,4,G2,16,Medium,Geomagnetic
2017-06-03,22:24,6,G4,7,High,Geomagnetic
2016-05-24,17:39,5,G2,20,Medium,Geomagnetic
2021-09-10,09:44,0,G5,1,Low,Geomagnetic
2022-10-26,03:59,6,G5,3,High,Geomagnetic
2018-10-28,18:46,6,G4,5,High,Geomagnetic
2018-11-21,12:07,7,G5,19,High,Geomagnetic
2016-06-10,17:27,0,G4,21,Low,Geomagnetic
2017-11-25,10:01,3,G2,3,Low,Geomagnetic
2023-11-02,04:13,0,G4,4,Low,Geomagnetic
2021-03-02,11:49,0,G3,9,Low,Geomagnetic
2017-08-25,06:38,4,G4,8,Medium,Geomagnetic
2020-03-22,21:57,7,G5,2,High,Geomagnetic
2015-08-25,03:24,4,G4,21,Medium,Geomagnetic
2024-08-28,04:51,0,G4,13,Low,Geomagnetic
2020-07-10,10:50,8,G4,14,High,Geomagnetic
2015-12-14,05:52,8,G3,17,High,Geomagnetic
2015-10-28,21:12,5,G2,6,Medium,Geomagnetic
2021-08-15,21:54,3,G2,5,Low,Geomagnetic
2019-02-22,02:54,0,G4,12,Low,Geomagnetic
2015-03-08,10:59,7,G5,1,High,Geomagnetic
2020-10-26,11:44,2,G4,17,Low,Geomagnetic
2020-07-11,19:42,7,G5,6,High,Geomagnetic
2018-12-12,19:38,1,G4,16,Low,Geomagnetic
2019-07-08,23:32,4,G1,22,Medium,Geomagnetic
2022-02-06,16:36,2,G3,8,Low,Geomagnetic
2021-11-11,20:04,8,G1,8,High,Geomagnetic
2022-09-09,11:57,8,G3,18,High,Geomagnetic
2020-03-21,02:07,1,G3,23,Low,Geomagnetic
2015-06-14,15:55,2,G5,22,Low,Geomagnetic
2019-09-04,10:24,0,G4,18,Low,Geomagnetic
2016-11-02,03:10,4,G5,5,Medium,Geomagnetic
2015-10-27,10:40,1,G4,22,Low,Geomagnetic
2022-08-30,11:17,7,G1,19,High,Geomagnetic
2016-02-14,22:30,4,G2,22,Medium,Geomagnetic
2018-03-29,21:09,5,G2,10,Medium,Geomagnetic
2023-10-16,16:14,2,G4,17,Low,Geomagnetic
2018-08-07,05:03,3,G1,11,Low,Geomagnetic
2018-08-24,13:48,2,G3,17,Low,Geomagnetic
2020-07-11,18:50,4,G1,1,Medium,Geomagnetic
2019-08-04,14:37,0,G3,3,Low,Geomagnetic
2017-07-18,19:20,5,G4,23,Medium,Geomagnetic
2020-05-10,18:57,1,G2,8,Low,Geomagnetic
2022-09-24,04:27,1,G3,18,Low,Geomagnetic
2016-08-11,17:05,2,G4,16,Low,Geomagnetic
2023-09-24,12:58,4,G1,9,Medium,Geomagnetic
2015-03-14,02:46,0,G3,11,Low,Geomagnetic
2018-07-12,11:32,2,G1,19,Low,Geomagnetic
2017-08-02,18:51,8,G3,6,High,Geomagnetic
2023-12-01,02:21,5,G2,8,Medium,Geomagnetic
2022-12-19,04:36,1,G5,15,Low,Geomagnetic
2017-02-23,18:57,0,G2,4,Low,Geomagnetic
2016-04-15,07:34,6,G5,5,High,Geomagnetic
2015-05-23,07:01,7,G1,13,High,Geomagnetic
2015-12-15,20:49,0,G4,4,Low,Geomagnetic
2015-12-09,17:35,8,G5,3,High,Geomagnetic
2016-11-08,09:39,8,G5,22,High,Geomagnetic
2017-01-12,05:31,7,G1,19,High,Geomagnetic
2018-11-13,07:29,2,G5,11,Low,Geomagnetic
2020-11-17,05:00,5,G4,21,Medium,Geomagnetic
2017-03-19,11:28,4,G5,21,Medium,Geomagnetic
2015-09-13,13:59,0,G5,17,Low,Geomagnetic
2015-10-27,14:17,0,G2,11,Low,Geomagnetic
2024-02-22,15:31,8,G3,2,High,Geomagnetic
2024-08-06,00:27,3,G4,23,Low,Geomagnetic
2022-06-18,09:46,4,G3,21,Medium,Geomagnetic
2018-01-27,09:56,1,G2,17,Low,Geomagnetic
2017-05-19,16:24,2,G2,1,Low,Geomagnetic
2024-01-30,22:11,5,G4,7,Medium,Geomagnetic
2021-09-03,04:10,0,G1,22,Low,Geomagnetic
2022-10-31,14:57,4,G4,23,Medium,Geomagnetic
2020-11-08,01:07,0,G3,22,Low,Geomagnetic
2018-08-25,14:36,5,G2,20,Medium,Geomagnetic
2021-06-29,22:27,6,G1,13,High,Geomagnetic
2015-10-25,00:33,1,G3,3,Low,Geomagnetic
2019-06-23,11:07,6,G4,8,High,Geomagnetic
2016-06-28,02:48,1,G4,17,Low,Geomagnetic
2018-08-20,21:31,1,G3,23,Low,Geomagnetic
2018-08-30,13:05,7,G1,2,High,Geomagnetic
2015-04-16,04:32,0,G4,18,Low,Geomagnetic
2016-05-17,03:18,5,G2,7,Medium,Geomagnetic
2021-03-16,14:28,6,G3,22,High,Geomagnetic
2024-12-02,08:15,6,G4,1,High,Geomagnetic
2022-03-21,04:16,4,G3,10,Medium,Geomagnetic
2015-09-29,01:02,4,G4,14,Medium,Geomagnetic
2024-02-10,06:36,8,G5,14,High,Geomagnetic
2024-02-27,05:54,4,G3,18,Medium,Geomagnetic
2022-09-29,10:03,3,G4,9,Low,Geomagnetic
2021-12-21,12:16,1,G1,11,Low,Geomagnetic
2016-04-29,18:22,3,G2,16,Low,Geomagnetic
2017-12-12,03:12,8,G5,16,High,Geomagnetic
2017-11-26,16:03,8,G4,2,High,Geomagnetic
2017-03-04,19:37,3,G4,19,Low,Geomagnetic
2024-09-21,14:04,4,G4,11,Medium,Geomagnetic
2024-04-08,20:49,3,G4,10,Low,Geomagnetic
2018-07-29,19:24,7,G1,12,High,Geomagnetic
2017-05-03,04:39,7,G5,17,High,Geomagnetic
2018-05-06,11:23,5,G4,13,Medium,Geomagnetic
2022-08-18,10:55,5,G1,19,Medium,Geomagnetic
2019-07-02,05:39,8,G5,1,High,Geomagnetic
2017-06-19,15:08,5,G4,21,Medium,Geomagnetic
2022-03-17,23:40,2,G2,11,Low,Geomagnetic
2023-01-28,00:08,8,G1,19,High,Geomagnetic
2022-12-16,02:43,1,G5,9,Low,Geomagnetic
2019-07-15,14:27,6,G1,23,High,Geomagnetic
2023-12-21,11:34,5,G4,12,Medium,Geomagnetic
2020-06-23,14:32,4,G3,3,Medium,Geomagnetic
2019-05-15,15:47,4,G5,9,Medium,Geomagnetic
2020-10-08,15:20,4,G3,11,Medium,Geomagnetic
2019-10-17,03:53,1,G1,18,Low,Geomagnetic
2017-08-19,01:59,2,G5,16,Low,Geomagnetic
2017-07-10,01:40,2,G5,4,Low,Geomagnetic
2019-04-23,08:24,4,G3,11,Medium,Geomagnetic
2017-12-05,15:43,7,G1,21,High,Geomagnetic
2024-08-04,17:00,8,G2,13,High,Geomagnetic
2015-10-24,11:01,7,G5,20,High,Geomagnetic
2021-06-19,22:31,8,G4,9,High,Geomagnetic
2019-06-12,17:22,3,G3,3,Low,Geomagnetic
2019-12-14,20:22,1,G4,1,Low,Geomagnetic
2015-01-12,00:52,5,G4,2,Medium,Geomagnetic
2023-04-13,09:21,5,G4,3,Medium,Geomagnetic
2021-04-30,05:39,5,G1,6,Medium,Geomagnetic
2016-01-04,00:12,8,G2,14,High,Geomagnetic
2018-10-07,05:06,8,G5,10,High,Geomagnetic
2023-07-31,02:21,1,G5,10,Low,Geomagnetic
2019-04-10,02:51,0,G3,12,Low,Geomagnetic
2015-10-18,22:02,4,G4,5,Medium,Geomagnetic
2020-04-03,12:36,6,G5,8,High,Geomagnetic
2022-12-21,15:57,6,G3,13,High,Geomagnetic
2018-03-24,07:08,7,G5,1,High,Geomagnetic
2021-05-24,23:39,8,G4,2,High,Geomagnetic
2015-10-03,00:37,5,G2,17,Medium,Geomagnetic
2023-03-25,18:40,1,G4,3,Low,Geomagnetic
2019-07-30,11:55,4,G2,12,Medium,Geomagnetic
2016-03-06,15:07,8,G1,21,High,Geomagnetic
2023-05-31,11:43,1,G1,10,Low,Geomagnetic
2024-11-18,14:13,5,G5,14,Medium,Geomagnetic
2015-08-07,05:30,5,G2,17,Medium,Geomagnetic
2021-06-29,19:13,6,G1,10,High,Geomagnetic
2019-09-29,18:36,8,G4,9,High,Geomagnetic
2017-05-08,16:05,1,G4,18,Low,Geomagnetic
2016-08-28,23:41,8,G2,16,High,Geomagnetic
2023-01-07,05:25,6,G3,9,High,Geomagnetic
2019-04-12,10:41,0,G2,11,Low,Geomagnetic
2017-06-01,21:15,6,G1,20,High,Geomagnetic
2020-05-09,02:03,4,G2,8,Medium,Geomagnetic
2020-01-01,08:11,2,G4,18,Low,Geomagnetic
2020-09-06,13:32,3,G4,13,Low,Geomagnetic
2018-02-07,19:17,4,G2,2,Medium,Geomagnetic
2020-11-15,07:27,2,G4,2,Low,Geomagnetic
2022-05-01,04:58,7,G2,5,High,Geomagnetic
2017-07-28,17:26,2,G3,11,Low,Geomagnetic
2024-09-05,09:02,0,G4,9,Low,Geomagnetic
2020-03-30,13:43,6,G5,7,High,Geomagnetic
2020-06-17,10:40,6,G1,22,High,Geomagnetic
2017-03-11,02:29,4,G4,10,Medium,Geomagnetic
2017-03-16,15:26,2,G4,10,Low,Geomagnetic
2016-04-22,04:05,0,G1,2,Low,Geomagnetic
2017-08-07,01:08,5,G3,9,Medium,Geomagnetic
2021-05-30,06:27,5,G1,22,Medium,Geomagnetic
2023-06-28,15:33,4,G1,6,Medium,Geomagnetic
2018-08-26,04:25,4,G2,3,Medium,Geomagnetic
2017-11-11,02:42,5,G1,1,Medium,Geomagnetic
2024-07-21,04:10,7,G4,1,High,Geomagnetic
2024-02-06,10:12,7,G1,7,High,Geomagnetic
2015-11-25,12:58,1,G1,20,Low,Geomagnetic
2019-09-20,19:28,8,G1,17,High,Geomagnetic
2022-08-29,09:52,3,G1,19,Low,Geomagnetic
2020-01-25,16:12,8,G1,11,High,Geomagnetic
2015-12-17,17:36,5,G5,1,Medium,Geomagnetic
2017-02-24,17:55,7,G2,19,High,Geomagnetic
2019-12-03,13:15,2,G1,19,Low,Geomagnetic
2016-07-06,01:40,0,G3,3,Low,Geomagnetic
2015-05-20,20:49,2,G1,15,Low,Geomagnetic
2020-05-27,11:08,5,G1,16,Medium,Geomagnetic
2024-04-04,17:29,7,G4,19,High,Geomagnetic
2020-05-24,05:51,0,G3,17,Low,Geomagnetic
2024-11-01,15:25,1,G3,11,Low,Geomagnetic
2018-08-07,21:23,7,G3,12,High,Geomagnetic
2021-02-28,10:51,2,G1,22,Low,Geomagnetic
2016-05-01,18:26,2,G1,15,Low,Geomagnetic
2016-12-05,19:01,8,G5,10,High,Geomagnetic
2015-08-02,01:43,4,G2,22,Medium,Geomagnetic
2016-03-12,20:37,0,G1,4,Low,Geomagnetic
2016-02-12,12:58,1,G1,6,Low,Geomagnetic
2024-03-04,01:27,1,G4,8,Low,Geomagnetic
2023-12-01,19:19,2,G1,17,Low,Geomagnetic
2023-01-20,20:16,7,G2,11,High,Geomagnetic
2021-07-26,16:52,0,G3,12,Low,Geomagnetic
2023-08-12,07:37,8,G5,16,High,Geomagnetic
2022-04-16,13:40,8,G5,12,High,Geomagnetic
2019-10-29,14:55,1,G5,20,Low,Geomagnetic
2020-03-04,20:43,6,G4,2,High,Geomagnetic
2017-03-11,08:53,4,G2,18,Medium,Geomagnetic
2020-04-17,09:02,2,G2,11,Low,Geomagnetic
2021-06-12,23:17,4,G3,5,Medium,Geomagnetic
2016-04-04,13:44,1,G3,3,Low,Geomagnetic
2024-12-27,12:43,8,G2,8,High,Geomagnetic
2018-05-25,23:54,4,G5,18,Medium,Geomagnetic
2020-06-29,02:36,0,G2,5,Low,Geomagnetic
2015-09-07,02:55,1,G3,5,Low,Geomagnetic
2020-08-07,13:54,6,G4,9,High,Geomagnetic
2018-05-20,10:26,7,G1,23,High,Geomagnetic
2015-05-07,22:59,3,G4,22,Low,Geomagnetic
2021-11-03,05:53,4,G2,10,Medium,Geomagnetic
2017-03-25,22:11,7,G5,4,High,Geomagnetic
2015-12-11,15:21,8,G5,15,High,Geomagnetic
2018-07-25,20:49,1,G5,9,Low,Geomagnetic
2015-09-21,14:46,4,G2,14,Medium,Geomagnetic
2023-09-08,09:23,6,G5,10,High,Geomagnetic
2018-07-09,15:46,4,G4,9,Medium,Geomagnetic
2018-05-20,06:09,5,G2,2,Medium,Geomagnetic
2019-01-02,16:15,3,G5,18,Low,Geomagnetic
2017-08-20,07:54,2,G3,1,Low,Geomagnetic
2019-08-05,00:49,1,G1,20,Low,Geomagnetic
2020-01-09,03:02,3,G3,10,Low,Geomagnetic
2023-09-01,08:55,5,G4,1,Medium,Geomagnetic
2022-07-18,16:21,8,G4,17,High,Geomagnetic
2016-07-12,15:18,5,G4,12,Medium,Geomagnetic
2020-02-25,12:49,7,G1,3,High,Geomagnetic
2022-07-28,22:46,5,G2,9,Medium,Geomagnetic
2019-08-16,04:55,2,G4,4,Low,Geomagnetic
2022-04-15,08:26,5,G2,22,Medium,Geomagnetic
2022-06-09,19:11,7,G2,13,High,Geomagnetic
2015-09-18,18:45,8,G4,10,High,Geomagnetic
2019-04-02,12:50,5,G2,7,Medium,Geomagnetic
2017-05-12,19:06,2,G5,1,Low,Geomagnetic
2018-11-08,21:20,5,G2,17,Medium,Geomagnetic
2016-12-01,11:41,3,G3,1,Low,Geomagnetic
2022-01-22,08:36,2,G5,9,Low,Geomagnetic
2021-05-06,05:27,0,G3,17,Low,Geomagnetic
2017-09-04,18:49,5,G1,21,Medium,Geomagnetic
2022-06-04,14:09,0,G2,7,Low,Geomagnetic
2024-06-17,19:56,3,G1,16,Low,Geomagnetic
2023-10-01,05:54,1,G2,11,Low,Geomagnetic
2019-07-10,11:20,5,G1,10,Medium,Geomagnetic
2018-08-04,11:45,3,G3,23,Low,Geomagnetic
2021-07-02,22:26,0,G5,7,Low,Geomagnetic
2015-11-25,02:37,2,G5,16,Low,Geomagnetic
2015-03-18,12:03,6,G2,10,High,Geomagnetic
2022-12-17,23:57,1,G5,12,Low,Geomagnetic
2024-12-12,08:02,2,G3,12,Low,Geomagnetic
2021-12-19,16:17,4,G2,17,Medium,Geomagnetic
2021-01-13,18:00,6,G2,8,High,Geomagnetic
2019-07-01,03:08,4,G2,23,Medium,Geomagnetic
2023-08-29,00:32,8,G2,1,High,Geomagnetic
2023-03-13,10:29,4,G3,2,Medium,Geomagnetic
2022-05-09,13:05,8,G2,3,High,Geomagnetic
2020-05-13,02:26,3,G1,22,Low,Geomagnetic
2020-08-05,19:31,8,G3,9,High,Geomagnetic
2024-04-07,13:24,4,G5,7,Medium,Geomagnetic
2024-11-19,14:41,3,G1,13,Low,Geomagnetic
2018-07-13,12:37,2,G5,3,Low,Geomagnetic
2017-09-06,05:29,8,G2,21,High,Geomagnetic
2020-05-24,04:14,6,G2,14,High,Geomagnetic
2020-09-15,06:19,6,G4,12,High,Geomagnetic
2021-10-28,01:01,2,G2,18,Low,Geomagnetic
2019-03-01,21:33,5,G4,4,Medium,Geomagnetic
2019-07-07,12:06,8,G2,16,High,Geomagnetic
2019-06-11,01:56,5,G4,10,Medium,Geomagnetic
2016-01-20,22:45,0,G5,14,Low,Geomagnetic
2019-05-27,22:36,5,G1,4,Medium,Geomagnetic
2016-09-05,07:46,2,G2,7,Low,Geomagnetic
2018-12-10,06:42,2,G1,2,Low,Geomagnetic
2017-06-23,07:48,6,G2,10,High,Geomagnetic
2017-11-30,07:38,0,G4,17,Low,Geomagnetic
2020-10-27,21:16,7,G2,22,High,Geomagnetic
2020-07-30,04:30,0,G2,12,Low,Geomagnetic
2020-07-03,22:50,5,G3,9,Medium,Geomagnetic
2024-10-23,05:14,1,G2,1,Low,Geomagnetic
2020-05-02,00:55,1,G5,14,Low,Geomagnetic
2018-09-03,05:26,1,G1,10,Low,Geomagnetic
2021-03-21,22:26,7,G1,10,High,Geomagnetic
2018-10-08,19:00,4,G4,18,Medium,Geomagnetic
2016-01-16,21:20,0,G1,18,Low,Geomagnetic
2016-08-09,10:17,1,G3,6,Low,Geomagnetic
2020-10-21,04:25,1,G5,21,Low,Geomagnetic
2022-06-25,09:05,8,G3,9,High,Geomagnetic
2024-09-05,01:48,1,G4,21,Low,Geomagnetic
2018-11-08,14:53,6,G2,16,High,Geomagnetic
2016-06-08,23:53,6,G5,8,High,Geomagnetic
2019-08-26,18:41,4,G2,8,Medium,Geomagnetic
2021-07-20,00:48,2,G3,16,Low,Geomagnetic
2022-02-26,23:37,5,G5,10,Medium,Geomagnetic
2017-12-29,05:21,4,G2,15,Medium,Geomagnetic
2021-08-16,23:00,3,G4,15,Low,Geomagnetic
2015-08-14,11:13,7,G5,20,High,Geomagnetic
2024-08-30,07:33,0,G5,14,Low,Geomagnetic
2016-12-17,07:14,8,G4,19,High,Geomagnetic
2015-07-12,16:13,2,G5,9,Low,Geomagnetic
2021-05-08,18:32,6,G1,3,High,Geomagnetic
2015-07-24,03:18,6,G5,2,High,Geomagnetic
2019-08-03,09:17,5,G1,5,Medium,Geomagnetic
2022-03-11,03:57,4,G4,4,Medium,Geomagnetic
2023-03-31,19:31,8,G1,18,High,Geomagnetic
2017-12-20,12:36,7,G1,23,High,Geomagnetic
2018-01-03,03:00,0,G4,6,Low,Geomagnetic
2016-08-15,01:03,5,G5,17,Medium,Geomagnetic
2024-12-20,06:44,2,G5,13,Low,Geomagnetic
2022-07-07,01:49,5,G3,13,Medium,Geomagnetic
2023-03-27,08:48,5,G4,22,Medium,Geomagnetic
2016-09-30,13:48,3,G3,7,Low,Geomagnetic
2023-05-17,10:04,8,G3,18,High,Geomagnetic
2021-02-01,17:29,2,G4,9,Low,Geomagnetic
2023-07-22,09:43,0,G3,2,Low,Geomagnetic
2022-04-29,08:41,4,G4,23,Medium,Geomagnetic
2024-03-16,00:16,1,G3,8,Low,Geomagnetic
2021-01-30,03:38,5,G3,3,Medium,Geomagnetic
2021-11-14,16:38,2,G5,22,Low,Geomagnetic
2018-08-26,05:58,6,G2,5,High,Geomagnetic
2019-12-17,07:24,7,G3,11,High,Geomagnetic
2019-12-10,20:40,0,G5,18,Low,Geomagnetic
2019-06-25,02:23,5,G1,14,Medium,Geomagnetic
2018-02-03,22:03,8,G5,20,High,Geomagnetic
2016-05-07,17:00,3,G4,11,Low,Geomagnetic
2024-10-17,14:44,4,G4,16,Medium,Geomagnetic
2019-03-28,18:14,8,G3,18,High,Geomagnetic
2019-01-07,21:41,7,G2,23,High,Geomagnetic
2015-09-18,11:42,3,G2,13,Low,Geomagnetic
2024-10-03,00:47,8,G5,17,High,Geomagnetic
2016-12-25,12:18,0,G2,1,Low,Geomagnetic
2019-05-11,08:48,3,G3,17,Low,Geomagnetic
2024-07-02,23:39,7,G5,14,High,Geomagnetic
2024-10-31,05:56,1,G5,19,Low,Geomagnetic
2019-01-01,20:30,2,G2,1,Low,Geomagnetic
2017-07-30,16:55,3,G1,21,Low,Geomagnetic
2019-06-12,07:56,5,G5,2,Medium,Geomagnetic
2018-10-25,10:26,0,G2,7,Low,Geomagnetic
2021-11-29,00:09,2,G3,2,Low,Geomagnetic
2015-04-18,15:50,0,G4,3,Low,Geomagnetic
2022-08-29,03:24,0,G4,23,Low,Geomagnetic
2016-08-22,04:04,4,G1,21,Medium,Geomagnetic
2016-08-18,20:30,3,G5,15,Low,Geomagnetic
2018-03-10,01:18,2,G2,2,Low,Geomagnetic
2015-02-21,01:10,2,G2,7,Low,Geomagnetic
2019-06-22,06:26,0,G4,9,Low,Geomagnetic
2021-02-09,16:28,7,G3,1,High,Geomagnetic
2020-04-21,15:47,2,G4,20,Low,Geomagnetic
2017-06-09,03:37,8,G2,22,High,Geomagnetic
2020-02-18,22:46,8,G3,15,High,Geomagnetic
2017-10-06,10:02,8,G1,3,High,Geomagnetic
2023-01-23,23:17,5,G3,12,Medium,Geomagnetic
2021-11-18,13:03,0,G5,4,Low,Geomagnetic
2015-01-27,14:49,5,G2,7,Medium,Geomagnetic
2024-02-25,21:29,5,G3,18,Medium,Geomagnetic
2015-10-20,18:41,7,G3,15,High,Geomagnetic
2023-06-29,15:30,1,G3,23,Low,Geomagnetic
2019-07-26,21:43,3,G1,20,Low,Geomagnetic
2017-02-06,08:07,0,G5,8,Low,Geomagnetic
2016-08-22,23:21,6,G2,8,High,Geomagnetic
2016-01-16,18:53,2,G5,20,Low,Geomagnetic
